,BMUID,temp,wspd,wgust,sealevelpressure,visibility,cloudcover,precip,dew,humidity,loadFactor
0,ABRTW-1,13.2,19.6,27.5,1014.0,32.1,70.4,0.0,12.9,97.95,0.9841666666666666
1,ABRTW-1,1.8,3.9,,1024.2,36.5,0.0,0.0,-1.0,82.13,0.010333333333333333
2,ABRTW-1,10.7,20.0,21.2,984.9,10.5,75.9,0.0,9.4,92.07,0.22011111111111112
3,ABRTW-1,18.5,6.3,,1019.9,24.6,93.1,0.0,17.0,91.27,0.043333333333333335
4,ABRTW-1,18.1,7.3,,1020.6,27.2,50.3,0.0,12.6,70.1,0.2782777777777778
5,ABRTW-1,9.8,8.6,,993.5,35.2,50.8,0.0,8.5,91.52,0.2306111111111111
6,ABRTW-1,16.3,7.3,6.9,1013.2,22.9,82.9,0.0,13.0,80.66,0.11905555555555554
7,ABRTW-1,2.5,10.1,11.0,1020.1,23.4,26.4,0.0,0.5,86.85,0.4182222222222222
8,ABRTW-1,2.8,8.3,8.1,1006.4,35.5,78.2,0.0,0.6,85.95,0.5582222222222222
9,ABRTW-1,4.8,13.0,17.1,995.7,15.3,60.7,0.0,2.8,87.07,0.5963888888888889
10,ABRTW-1,2.9,21.2,26.5,995.0,14.6,20.2,0.0,-0.1,80.61,0.6895
11,ABRTW-1,10.4,8.9,,1009.3,26.1,81.0,0.0,9.0,90.51,0.10138888888888889
12,ABRTW-1,5.5,18.5,24.1,992.5,20.6,67.2,0.0,3.1,84.31,0.7973888888888889
13,ACHRW-1,13.0,16.2,19.0,1014.1,2.6,59.8,0.0,12.5,96.87,0.19131455399061034
14,ACHRW-1,0.0,2.4,0.0,1024.2,38.5,0.0,0.0,-2.1,85.59,0.06910798122065727
15,ACHRW-1,10.2,15.4,14.4,982.4,19.6,47.5,0.0,8.6,90.22,0.8487793427230047
16,ACHRW-1,14.5,7.6,0.0,1019.5,11.5,64.7,0.0,13.0,91.01,0.010657276995305165
17,ACHRW-1,12.0,10.8,17.1,1019.6,6.8,52.1,0.0,10.9,92.88,0.09582159624413145
18,ACHRW-1,9.2,7.5,7.7,993.6,27.0,16.5,0.0,5.3,76.69,0.08985915492957745
19,ACHRW-1,16.5,8.5,14.6,1013.1,22.4,62.2,0.0,12.5,77.32,0.1295774647887324
20,ACHRW-1,2.5,12.4,13.0,1020.6,26.5,6.4,0.0,0.7,88.26,0.7015023474178403
21,ACHRW-1,2.5,9.8,0.0,1005.3,22.7,47.4,0.0,0.9,88.69,0.3117370892018779
22,ACHRW-1,4.0,9.3,6.5,1013.2,22.9,52.1,0.0,-1.0,70.06,0.20093896713615023
23,ACHRW-1,5.6,11.3,12.5,994.6,28.0,18.8,0.0,3.2,84.54,0.11502347417840376
24,ACHRW-1,2.3,24.2,22.1,995.9,4.3,36.1,0.0,0.3,86.42,0.6973708920187793
25,ACHRW-1,8.1,9.3,11.0,1010.2,28.2,61.4,0.0,5.9,85.9,0.005633802816901408
26,ACHRW-1,4.6,22.8,28.3,990.9,10.3,48.2,0.0,3.8,94.75,0.45525821596244126
27,AKGLW-2,13.9,16.8,28.7,1013.6,28.4,90.6,0.0,12.2,89.77,0.962719298245614
28,AKGLW-2,-1.1,2.2,0.0,1023.5,29.8,28.4,0.0,-4.9,75.34,0.20316416040100252
29,AKGLW-2,11.2,11.4,10.1,987.6,24.6,49.1,0.0,8.6,84.42,0.0017230576441102756
30,AKGLW-2,14.4,2.8,,1020.2,23.8,86.7,0.0,13.0,91.12,0.1100250626566416
31,AKGLW-2,14.7,3.1,17.0,1020.7,20.5,43.9,0.0,12.4,85.76,0.029855889724310775
32,AKGLW-2,10.2,5.0,,993.7,22.9,22.1,0.0,7.1,81.13,0.11024436090225563
33,AKGLW-2,14.3,8.4,,1014.3,24.8,99.4,0.0,11.9,85.5,0.01795112781954887
34,AKGLW-2,2.0,10.5,,1018.4,29.3,0.0,0.0,-1.0,80.64,0.925281954887218
35,AKGLW-2,1.9,10.8,,1006.3,27.5,88.2,0.0,0.3,89.03,0.6760338345864662
36,AKGLW-2,4.8,10.7,,1011.0,29.4,83.1,0.0,-3.1,56.89,0.3909147869674185
37,AKGLW-2,6.9,14.6,35.8,995.1,23.3,43.8,0.0,3.7,80.29,0.4918859649122807
38,AKGLW-2,2.2,24.0,42.3,992.7,24.4,32.1,0.0,-0.6,81.96,0.6583646616541353
39,AKGLW-2,10.7,7.7,,1008.1,24.8,17.0,0.0,6.0,72.71,0.2419799498746867
40,ANSUW-1,12.4,15.9,8.9,1013.0,6.2,46.0,0.0,11.7,95.93,0.4117768595041323
41,ANSUW-1,1.9,3.5,2.9,1023.8,41.4,21.2,0.0,-0.6,83.68,0.05072314049586777
42,ANSUW-1,9.7,14.5,2.9,983.4,11.0,42.2,0.0,8.5,92.35,0.7404958677685951
43,ANSUW-1,13.9,6.7,0.0,1020.0,20.3,49.3,0.0,12.7,92.2,0.08109504132231406
44,ANSUW-1,12.2,7.0,0.0,1020.0,16.4,34.5,0.0,11.1,93.24,0.3068181818181818
45,ANSUW-1,7.6,5.2,8.1,994.6,23.8,0.0,0.0,4.6,81.7,0.05278925619834711
46,ANSUW-1,17.3,7.0,6.9,1013.6,24.9,54.7,0.0,12.2,71.54,0.0853305785123967
47,ANSUW-1,1.1,10.3,0.0,1019.5,31.0,9.9,0.0,-0.1,91.77,0.6528925619834711
48,ANSUW-1,1.1,10.2,2.9,1005.1,21.7,31.2,0.0,0.2,93.16,0.1674586776859504
49,ANSUW-1,2.4,9.8,2.9,1012.5,27.9,18.9,0.0,-3.1,66.88,0.35268595041322315
50,ANSUW-1,4.9,9.8,13.0,994.0,37.2,35.9,0.0,2.5,84.56,0.21239669421487603
51,ANSUW-1,1.2,21.4,19.9,993.3,4.4,23.0,0.0,-0.6,87.91,0.7207644628099175
52,ANSUW-1,6.6,7.1,0.0,1009.6,24.9,39.3,0.0,5.0,89.4,0.1558884297520661
53,ANSUW-1,3.4,21.9,19.9,989.4,11.2,41.1,0.0,2.9,96.39,0.44225206611570245
54,ARCHW-1,14.0,14.1,17.5,1015.9,1.9,87.9,0.0,13.5,97.33,0.31133333333333335
55,ARCHW-1,-0.9,2.0,1.5,1024.3,20.4,0.0,0.0,-2.4,89.54,0.0038333333333333336
56,ARCHW-1,15.4,4.4,0.0,1019.2,28.4,92.1,0.0,13.0,85.66,0.049666666666666665
57,ARCHW-1,11.6,10.2,9.1,1020.8,20.8,93.3,0.0,10.3,91.66,0.32816666666666666
58,ARCHW-1,9.2,14.6,12.1,991.9,30.3,29.9,0.0,5.9,79.99,0.40449999999999997
59,ARCHW-1,18.2,9.2,9.9,1012.1,26.8,82.0,0.0,14.3,77.85,0.021916666666666664
60,ARCHW-1,3.7,7.3,10.5,1021.8,22.3,42.3,0.0,1.6,86.32,0.17233333333333334
61,ARCHW-1,3.2,7.6,2.5,1007.0,27.1,80.1,0.0,1.0,85.24,0.164
62,ARCHW-1,5.4,8.0,8.1,1014.0,13.2,90.7,0.0,1.7,76.88,0.35833333333333334
63,ARCHW-1,6.9,12.1,14.6,996.2,20.3,15.2,0.0,4.1,82.4,0.2265
64,ARCHW-1,2.7,24.9,25.7,999.5,10.6,55.8,37.8,1.1,88.89,0.6626666666666666
65,ARCHW-1,10.9,8.3,10.5,1010.5,27.7,81.4,0.0,8.0,82.44,0.12416666666666668
66,BEINW-1,12.0,25.8,66.9,1009.9,14.2,46.9,0.0,10.8,92.9,0.5675551470588236
67,BEINW-1,3.0,8.5,17.5,1022.9,26.5,64.4,0.0,0.9,86.44,0.14277573529411766
68,BEINW-1,8.5,12.9,27.5,983.6,20.8,60.4,0.0,6.8,88.74,0.21376838235294118
69,BEINW-1,11.7,12.1,,1019.1,27.3,40.9,0.0,9.6,87.09,0.025147058823529415
70,BEINW-1,5.0,3.6,4.9,996.1,24.7,13.7,0.0,3.0,86.57,0.04163602941176471
71,BEINW-1,17.9,8.3,12.1,1013.1,25.7,39.7,0.0,11.3,65.34,0.11198529411764706
72,BEINW-1,-0.4,11.9,0.0,1018.0,15.2,30.0,0.0,-1.5,92.24,0.26450367647058826
73,BEINW-1,-0.4,12.8,0.0,1003.3,9.1,39.9,0.0,-1.1,94.84,0.12988970588235293
74,BEINW-1,-0.1,13.8,25.2,1011.8,20.1,10.3,0.0,-3.2,79.86,0.35270220588235296
75,BEINW-1,3.7,13.4,27.5,992.0,21.8,47.9,0.0,1.4,85.38,0.36610294117647063
76,BEINW-1,-0.7,26.4,98.0,989.5,5.9,35.7,0.0,-1.8,92.14,0.6431066176470588
77,BEINW-1,4.2,9.2,32.2,1009.1,23.6,26.9,0.0,3.4,94.21,0.0374264705882353
78,BEINW-1,1.4,21.6,76.1,986.4,15.8,45.5,0.0,0.4,93.39,0.6989889705882353
79,BETHW-1,14.7,16.7,32.2,1006.6,22.7,82.3,0.0,12.6,87.66,0.7859495798319328
80,BETHW-1,5.6,11.8,,1020.2,22.0,88.6,0.0,2.9,83.0,0.5735798319327731
81,BETHW-1,15.7,9.2,,1018.4,25.5,37.6,0.0,12.0,78.59,0.09371428571428571
82,BETHW-1,16.3,13.2,,1014.6,20.9,64.6,0.0,12.5,78.37,0.014050420168067226
83,BETHW-1,2.6,14.7,33.3,1015.6,24.9,36.5,0.0,0.5,85.82,0.7567058823529412
84,BETHW-1,2.4,6.7,,1001.3,28.1,74.8,0.0,0.6,87.52,0.16578151260504204
85,BETHW-1,1.6,15.8,,1009.6,18.7,17.1,0.0,-1.6,79.17,0.5567731092436975
86,BETHW-1,6.0,12.6,28.9,990.1,25.9,23.6,0.0,1.9,74.47,0.26521008403361346
87,BETHW-1,8.8,6.1,,1007.8,21.1,65.2,0.0,5.3,79.07,0.11515966386554623
88,BHLAW-1,2.5,9.5,31.1,1022.2,25.1,62.6,0.0,0.6,87.02,0.2822777777777778
89,BHLAW-1,13.5,10.1,,1018.9,26.8,45.4,0.0,10.5,82.14,0.04364814814814815
90,BHLAW-1,4.8,4.8,,996.0,24.4,17.0,0.0,2.6,85.87,0.011518518518518518
91,BHLAW-1,18.0,9.1,,1013.4,23.7,43.5,0.0,11.1,63.7,0.11677777777777777
92,BHLAW-1,0.6,10.3,0.0,1017.4,19.0,37.8,0.0,-0.9,89.63,0.3867777777777778
93,BHLAW-1,0.6,9.5,0.0,1002.8,13.1,52.3,0.0,-0.5,92.74,0.17735185185185184
94,BHLAW-1,-0.6,16.2,58.8,1011.3,19.8,10.0,0.0,-3.6,79.91,0.42246296296296293
95,BHLAW-1,3.2,14.8,54.1,991.6,23.2,37.4,0.0,0.8,84.72,0.34075925925925926
96,BHLAW-1,5.7,8.2,32.2,1008.8,22.6,41.5,0.0,4.4,91.12,0.06907407407407408
97,BLKWW-1,13.2,20.0,28.9,1015.8,10.3,84.5,0.0,12.7,97.19,0.7239319470699433
98,BLKWW-1,0.0,4.0,,1024.2,30.3,0.0,0.0,-2.4,83.45,0.03708884688090737
99,BLKWW-1,11.0,31.4,49.4,986.9,10.0,82.6,0.0,8.9,86.97,0.9984499054820416
100,BLKWW-1,11.9,9.2,,1021.1,22.8,84.9,0.0,10.4,90.32,0.09376181474480151
101,BLKWW-1,8.3,14.8,,992.5,28.1,63.3,0.0,5.9,85.11,0.3458601134215501
102,BLKWW-1,16.6,14.0,,1012.5,23.6,80.2,0.0,13.4,81.39,0.23081285444234406
103,BLKWW-1,2.5,12.5,,1021.0,25.1,16.9,0.0,0.7,87.83,0.8412476370510398
104,BLKWW-1,3.2,10.6,,1007.2,29.6,46.4,0.0,1.1,85.98,0.19712665406427224
105,BLKWW-1,4.8,8.9,,1013.2,19.2,90.9,0.0,0.0,70.87,0.18189035916824198
106,BLKWW-1,6.2,17.6,,996.2,17.7,49.8,0.0,3.9,85.37,0.39739130434782605
107,BLKWW-1,10.4,6.7,,1009.5,24.3,40.5,0.0,7.1,79.94,0.30998109640831756
108,BLKWW-1,6.1,25.3,37.4,994.3,13.5,77.5,0.0,3.4,82.78,0.9589035916824197
109,BLLA-1,12.7,18.7,26.9,1013.7,32.3,73.3,0.0,12.1,95.86,0.26587500000000003
110,BLLA-1,-0.2,4.1,,1024.0,35.8,4.9,0.0,-2.4,85.44,0.0016041666666666667
111,BLLA-1,15.5,5.9,,1019.9,23.1,91.2,0.0,13.1,85.64,0.0574375
112,BLLA-1,14.2,6.6,,1020.5,25.2,45.4,0.0,11.2,81.83,0.15172916666666666
113,BLLA-1,9.1,8.1,,993.7,32.2,46.1,0.0,6.5,83.57,0.12014583333333334
114,BLLA-1,15.6,9.8,,1013.5,22.6,90.0,0.0,12.7,82.85,0.09927083333333332
115,BLLA-1,1.8,13.4,,1019.9,22.9,19.7,0.0,0.1,88.62,0.29050000000000004
116,BLLA-1,2.1,11.3,,1006.3,33.5,80.0,0.0,0.2,86.9,0.33375
117,BLLA-1,4.0,11.8,,1012.3,26.8,71.8,0.0,-2.5,62.4,0.38158333333333333
118,BLLA-1,4.4,16.6,35.8,995.5,15.8,55.5,0.0,2.8,89.37,0.2869791666666667
119,BLLA-1,2.2,27.6,40.3,994.3,15.7,22.9,0.0,-0.7,81.01,1.1119166666666667
120,BLLA-1,9.8,8.3,,1009.1,24.4,79.3,0.0,6.7,81.15,0.08620833333333333
121,BLLA-1,5.3,24.2,34.1,992.2,20.6,69.2,0.0,2.6,82.41,0.18797916666666667
122,BLLA-2,12.7,18.7,26.9,1013.7,32.3,73.3,0.0,12.1,95.86,0.2997101449275362
123,BLLA-2,-0.2,4.1,,1024.0,35.8,4.9,0.0,-2.4,85.44,0.006376811594202898
124,BLLA-2,15.5,5.9,,1019.9,23.1,91.2,0.0,13.1,85.64,0.02228985507246377
125,BLLA-2,14.2,6.6,,1020.5,25.2,45.4,0.0,11.2,81.83,0.08165217391304348
126,BLLA-2,9.1,8.1,,993.7,32.2,46.1,0.0,6.5,83.57,0.13684057971014493
127,BLLA-2,15.6,9.8,,1013.5,22.6,90.0,0.0,12.7,82.85,0.13231884057971016
128,BLLA-2,1.8,13.4,,1019.9,22.9,19.7,0.0,0.1,88.62,0.34402898550724637
129,BLLA-2,2.1,11.3,,1006.3,33.5,80.0,0.0,0.2,86.9,0.37930434782608696
130,BLLA-2,4.0,11.8,,1012.3,26.8,71.8,0.0,-2.5,62.4,0.3706376811594203
131,BLLA-2,4.4,16.6,35.8,995.5,15.8,55.5,0.0,2.8,89.37,0.3601159420289855
132,BLLA-2,2.2,27.6,40.3,994.3,15.7,22.9,0.0,-0.7,81.01,0.731304347826087
133,BLLA-2,9.8,8.3,,1009.1,24.4,79.3,0.0,6.7,81.15,0.07176811594202899
134,BNWKW-1,13.3,13.0,,1005.0,23.6,97.7,0.0,12.4,94.27,0.09404444444444444
135,BNWKW-1,5.8,10.8,21.9,1018.0,22.0,79.9,0.0,5.0,94.53,0.44382222222222223
136,BNWKW-1,11.1,7.6,14.1,1019.0,17.0,93.6,0.0,9.8,92.12,0.0216
137,BNWKW-1,9.3,13.4,,994.9,24.9,56.1,0.0,4.4,71.27,0.09448888888888889
138,BNWKW-1,13.4,11.8,,1015.9,6.0,96.7,0.0,12.8,96.55,0.06524444444444444
139,BNWKW-1,2.8,20.2,,1012.2,10.3,48.0,0.0,0.8,86.79,0.6217777777777778
140,BNWKW-1,3.0,9.2,,1000.8,23.8,98.0,0.0,0.0,80.36,0.055377777777777776
141,BNWKW-1,1.0,20.0,21.9,1007.6,9.2,58.9,0.0,-0.1,92.21,0.6196444444444444
142,BNWKW-1,6.2,10.7,17.9,989.1,30.8,37.7,0.0,2.3,75.97,0.01768888888888889
143,BNWKW-1,2.8,23.2,,981.1,26.4,79.0,0.0,1.2,89.28,0.6206222222222222
144,BNWKW-1,9.6,11.1,,1006.3,30.5,48.5,0.0,7.1,84.72,0.09466666666666666
145,BNWKW-1,5.9,12.8,11.0,986.6,21.5,88.3,0.0,2.4,78.17,0.5374222222222222
146,BRYBW-1,14.5,17.0,62.1,1007.2,24.4,75.7,0.0,12.1,85.49,0.9019490254872563
147,BRYBW-1,4.3,13.6,33.0,1020.7,28.3,70.1,0.0,0.3,75.33,0.5617391304347826
148,BRYBW-1,13.9,3.7,,1019.5,19.1,79.0,0.0,12.1,88.36,0.007466266866566716
149,BRYBW-1,15.4,7.3,,1018.6,22.8,50.8,0.0,11.8,79.01,0.06905547226386806
150,BRYBW-1,6.0,7.5,,995.6,19.5,44.0,0.0,4.5,90.22,0.008065967016491754
151,BRYBW-1,16.3,13.0,,1014.2,17.2,78.1,0.0,11.7,74.34,0.07055472263868066
152,BRYBW-1,3.4,11.9,0.0,1015.8,23.8,17.2,0.0,-0.2,77.4,0.5136131934032984
153,BRYBW-1,3.2,6.4,0.0,1002.0,24.3,81.4,0.0,-0.6,75.94,0.39640179910044976
154,BRYBW-1,2.2,18.4,58.8,1010.0,18.8,17.8,0.0,-3.0,68.5,0.04542728635682158
155,BRYBW-1,6.3,16.7,32.9,990.7,23.6,24.2,0.0,2.0,73.62,0.3587406296851574
156,BRYBW-1,2.6,23.2,42.2,986.0,18.4,69.0,0.0,0.5,86.2,0.8884857571214393
157,BRYBW-1,7.7,11.2,32.5,1007.9,19.3,23.1,0.0,4.7,81.22,0.10164917541229385
158,BRYBW-1,5.3,13.6,64.6,986.3,24.1,23.6,0.0,1.1,74.55,0.9189805097451273
159,BTUIW-2,14.5,9.7,19.0,1014.3,2.5,82.3,0.0,14.3,98.65,0.18576659038901602
160,BTUIW-2,-0.6,3.8,0.0,1024.5,21.3,0.0,0.0,-1.8,91.39,0.08480549199084668
161,BTUIW-2,15.4,7.7,0.0,1019.2,7.9,100.0,0.0,13.6,89.03,0.06146453089244851
162,BTUIW-2,11.1,19.2,22.5,1019.5,4.7,93.9,0.0,10.4,95.26,0.48901601830663616
163,BTUIW-2,10.1,16.8,21.4,993.1,22.7,71.4,0.0,5.0,70.77,0.2180778032036613
164,BTUIW-2,17.8,7.4,15.0,1012.5,19.3,79.5,0.0,13.5,76.27,0.021235697940503433
165,BTUIW-2,5.8,17.0,13.0,1021.3,13.7,28.6,0.0,2.0,76.39,0.32443935926773454
166,BTUIW-2,4.4,9.9,14.7,1005.4,18.6,87.3,0.0,1.7,82.58,0.320137299771167
167,BTUIW-2,5.7,14.4,6.0,1013.7,13.4,95.4,0.0,1.3,73.53,0.3762471395881007
168,BTUIW-2,5.8,17.9,25.3,995.0,15.5,15.5,0.0,3.7,86.11,0.3815560640732265
169,BTUIW-2,4.5,33.3,38.4,997.4,3.2,61.3,0.0,1.7,82.3,0.20068649885583523
170,BTUIW-2,9.9,10.5,11.0,1010.8,21.0,87.7,0.0,7.5,85.05,0.09661327231121282
171,CGTHW-1,13.5,19.0,66.9,1008.7,14.8,70.4,0.0,11.6,88.18,0.002289855072463768
172,CGTHW-1,2.4,7.8,31.1,1022.1,27.9,58.4,0.0,-0.2,83.5,0.2755072463768116
173,CGTHW-1,8.7,16.5,66.9,984.1,30.2,68.8,0.0,6.6,86.66,0.0024057971014492755
174,CGTHW-1,13.2,4.7,,1019.9,21.4,80.7,0.0,11.5,89.64,0.004956521739130435
175,CGTHW-1,14.6,8.3,,1018.8,25.7,38.2,0.0,10.9,78.36,0.07359420289855073
176,CGTHW-1,4.3,4.9,,996.0,20.5,36.2,0.0,3.3,93.75,0.030115942028985505
177,CGTHW-1,18.2,9.2,,1013.2,21.9,59.6,0.0,11.4,64.84,0.007478260869565217
178,CGTHW-1,0.5,6.4,0.0,1017.2,23.0,38.4,0.0,-1.1,88.7,0.0724927536231884
179,CGTHW-1,0.5,5.6,0.0,1002.8,12.1,64.3,0.0,-0.6,92.09,0.33655072463768115
180,CGTHW-1,-0.6,15.6,58.8,1011.1,20.1,7.9,0.0,-4.2,76.41,0.13950724637681158
181,CGTHW-1,3.3,14.7,46.8,991.5,25.1,28.4,0.0,0.7,82.9,0.6335362318840579
182,CGTHW-1,0.6,20.9,79.0,988.2,9.1,59.0,0.0,-1.1,88.64,0.0018840579710144927
183,CGTHW-1,6.0,8.7,32.2,1008.6,21.0,42.7,0.0,4.6,90.69,0.10405797101449275
184,CLDCW-1,12.5,20.1,28.3,1014.7,28.0,73.8,0.0,11.9,96.2,1.5530357142857143
185,CLDCW-1,-1.1,3.6,,1024.5,34.3,0.0,0.0,-3.0,86.72,0.08267857142857142
186,CLDCW-1,10.3,28.5,49.4,985.5,9.6,77.4,0.0,8.4,88.2,1.785714285714286e-05
187,CLDCW-1,14.8,5.8,,1020.2,22.9,91.3,0.0,12.4,85.12,0.05196428571428572
188,CLDCW-1,12.8,7.6,,1021.0,22.8,63.5,0.0,10.6,86.6,0.18089285714285716
189,CLDCW-1,8.5,9.3,,993.5,32.8,59.5,0.0,6.3,86.14,0.5060714285714286
190,CLDCW-1,15.6,10.4,,1013.3,21.6,86.8,0.0,12.8,83.07,0.05910714285714286
191,CLDCW-1,1.8,14.4,,1020.2,22.5,18.5,0.0,0.0,88.19,0.9417857142857143
192,CLDCW-1,1.7,10.4,,1006.9,29.5,79.6,0.0,0.1,89.06,0.6319642857142858
193,CLDCW-1,4.1,11.8,,1012.6,24.4,86.9,0.0,-1.9,65.03,0.8080357142857143
194,CLDCW-1,4.5,17.6,35.8,996.0,11.2,64.8,0.0,2.9,89.31,1.1055357142857143
195,CLDCW-1,1.7,28.2,39.7,995.6,16.6,33.7,0.0,-0.6,84.55,1.3175000000000001
196,CLDCW-1,9.8,7.5,,1009.1,25.4,56.1,0.0,6.6,80.32,0.1494642857142857
197,CLDCW-1,5.2,24.6,34.3,993.4,19.1,67.7,0.0,2.7,83.52,1.6589285714285715
198,CLDNW-1,12.5,20.1,28.3,1014.7,28.0,73.8,0.0,11.9,96.2,1.5718518518518518
199,CLDNW-1,-1.1,3.6,,1024.5,34.3,0.0,0.0,-3.0,86.72,0.07333333333333333
200,CLDNW-1,10.3,28.5,49.4,985.5,9.6,77.4,0.0,8.4,88.2,0.000462962962962963
201,CLDNW-1,14.8,5.8,,1020.2,22.9,91.3,0.0,12.4,85.12,0.16925925925925928
202,CLDNW-1,12.8,7.6,,1021.0,22.8,63.5,0.0,10.6,86.6,0.2972222222222222
203,CLDNW-1,8.5,9.3,,993.5,32.8,59.5,0.0,6.3,86.14,0.39925925925925926
204,CLDNW-1,15.6,10.4,,1013.3,21.6,86.8,0.0,12.8,83.07,0.06148148148148148
205,CLDNW-1,1.8,14.4,,1020.2,22.5,18.5,0.0,0.0,88.19,0.8155555555555556
206,CLDNW-1,1.7,10.4,,1006.9,29.5,79.6,0.0,0.1,89.06,0.8075925925925925
207,CLDNW-1,4.1,11.8,,1012.6,24.4,86.9,0.0,-1.9,65.03,0.8861111111111112
208,CLDNW-1,4.5,17.6,35.8,996.0,11.2,64.8,0.0,2.9,89.31,1.1894444444444445
209,CLDNW-1,1.7,28.2,39.7,995.6,16.6,33.7,0.0,-0.6,84.55,1.3712962962962962
210,CLDNW-1,9.8,7.5,,1009.1,25.4,56.1,0.0,6.6,80.32,0.20851851851851852
211,CLDNW-1,5.2,24.6,34.3,993.4,19.1,67.7,0.0,2.7,83.52,1.6403703703703703
212,CLDRW-1,15.0,13.9,,1008.1,24.4,83.5,0.0,11.5,79.99,0.4797297297297297
213,CLDRW-1,4.4,10.8,,1021.0,30.1,89.0,0.0,-0.5,70.64,0.8467567567567567
214,CLDRW-1,10.4,11.3,,985.8,17.4,81.8,0.0,8.5,88.16,0.017351351351351352
215,CLDRW-1,13.3,2.7,,1019.7,19.5,93.6,0.0,11.9,91.19,0.03848648648648648
216,CLDRW-1,15.9,4.9,,1019.0,23.5,59.4,0.0,11.8,76.58,0.11664864864864864
217,CLDRW-1,7.2,5.6,,995.0,25.0,65.5,0.0,5.0,85.64,0.020972972972972972
218,CLDRW-1,15.4,9.6,,1014.5,24.5,95.3,0.0,11.8,79.33,0.019513513513513513
219,CLDRW-1,2.8,13.8,,1015.5,29.5,10.9,0.0,-1.2,75.07,0.9076756756756758
220,CLDRW-1,1.9,7.9,,1002.6,28.4,55.9,0.0,-0.5,83.7,0.20216216216216218
221,CLDRW-1,2.0,13.0,,1009.6,23.4,5.3,0.0,-4.3,62.99,0.8435675675675676
222,CLDRW-1,6.9,10.7,28.9,991.6,30.3,24.1,0.0,1.3,67.61,0.2685945945945946
223,CLDRW-1,3.1,22.1,34.7,986.0,25.4,57.5,0.0,-1.0,74.35,0.12745945945945947
224,CLDRW-1,9.2,6.6,,1007.7,24.4,33.1,0.0,5.0,74.86,0.37308108108108107
225,CLDRW-1,5.3,14.8,39.1,987.4,27.2,31.7,0.0,1.0,73.59,0.8274054054054054
226,CLDSW-1,12.5,20.1,28.3,1014.7,28.0,73.8,0.0,11.9,96.2,0.72734375
227,CLDSW-1,-1.1,3.6,,1024.5,34.3,0.0,0.0,-3.0,86.72,0.0125
228,CLDSW-1,10.3,28.5,49.4,985.5,9.6,77.4,0.0,8.4,88.2,0.000890625
229,CLDSW-1,12.8,7.6,,1021.0,22.8,63.5,0.0,10.6,86.6,0.09125
230,CLDSW-1,8.5,9.3,,993.5,32.8,59.5,0.0,6.3,86.14,0.2734375
231,CLDSW-1,1.7,10.4,,1006.9,29.5,79.6,0.0,0.1,89.06,0.29265625
232,CLDSW-1,4.1,11.8,,1012.6,24.4,86.9,0.0,-1.9,65.03,0.5046875
233,CLDSW-1,4.5,17.6,35.8,996.0,11.2,64.8,0.0,2.9,89.31,0.5740625
234,CLDSW-1,1.7,28.2,39.7,995.6,16.6,33.7,0.0,-0.6,84.55,0.73640625
235,CLDSW-1,9.8,7.5,,1009.1,25.4,56.1,0.0,6.6,80.32,0.09375
236,CLDSW-1,5.2,24.6,34.3,993.4,19.1,67.7,0.0,2.7,83.52,0.94453125
237,CLFLW-1,12.3,16.7,8.9,1012.8,7.1,44.4,0.0,11.6,95.58,0.20786206896551723
238,CLFLW-1,13.8,7.0,0.0,1020.1,21.0,42.9,0.0,12.6,92.09,0.00041379310344827585
239,CLFLW-1,12.2,7.3,0.0,1020.0,18.6,36.2,0.0,11.0,92.25,0.06124137931034483
240,CLFLW-1,7.5,5.0,7.2,994.7,24.2,1.3,0.0,4.4,80.82,0.06027586206896552
241,CLFLW-1,16.2,7.1,7.7,1013.9,26.4,51.7,0.0,11.9,75.45,0.05586206896551724
242,CLFLW-1,0.9,11.0,0.0,1019.3,30.2,8.2,0.0,-0.3,91.85,0.3470344827586207
243,CLFLW-1,1.1,11.3,2.9,1005.0,22.5,29.6,0.0,0.1,93.3,0.08786206896551724
244,CLFLW-1,2.6,9.9,4.6,1012.2,27.8,14.5,0.0,-3.2,65.56,0.20703448275862069
245,CLFLW-1,4.4,10.7,13.0,994.0,32.3,31.5,0.0,2.4,86.46,0.0793103448275862
246,CLFLW-1,1.1,23.2,19.9,992.8,10.3,23.1,0.0,-0.7,87.78,0.34027586206896554
247,CLFLW-1,3.3,22.5,17.9,989.4,11.0,41.0,0.8,2.8,96.56,0.2903448275862069
248,COUWW-1,-0.6,3.8,0.0,1024.5,21.5,0.0,0.0,-1.8,91.43,0.09951219512195122
249,COUWW-1,10.9,24.5,34.1,981.9,25.6,74.2,0.0,8.7,86.38,0.9332682926829269
250,COUWW-1,15.4,7.8,0.0,1019.2,7.9,100.0,0.0,13.6,89.05,0.10126829268292684
251,COUWW-1,11.1,19.4,23.5,1019.5,4.6,94.1,0.0,10.4,95.43,0.45209756097560977
252,COUWW-1,10.1,16.9,21.9,993.1,22.9,70.7,0.0,5.0,70.69,0.2918048780487805
253,COUWW-1,17.8,7.4,15.0,1012.5,19.4,79.2,0.0,13.5,76.24,0.8574634146341463
254,COUWW-1,5.8,17.1,13.0,1021.3,13.6,28.4,0.0,2.0,76.38,0.5369756097560975
255,COUWW-1,4.4,10.0,15.4,1005.4,18.5,87.7,0.0,1.7,82.62,0.6785365853658537
256,COUWW-1,5.7,14.4,6.0,1013.8,13.4,95.4,0.0,1.4,73.66,0.2311219512195122
257,COUWW-1,5.8,18.0,26.0,995.0,15.3,15.2,0.0,3.7,86.11,0.7921951219512194
258,COUWW-1,4.5,33.5,39.7,997.4,3.2,61.6,0.0,1.7,82.46,0.4324878048780488
259,COUWW-1,9.9,10.5,11.0,1010.8,21.3,87.6,0.0,7.5,84.99,0.1217560975609756
260,COUWW-1,6.5,25.1,34.6,991.5,9.0,76.6,0.0,5.0,90.12,0.982048780487805
261,CRGHW-1,12.4,15.2,8.9,1012.7,7.3,38.4,0.0,11.7,95.84,0.3695652173913043
262,CRGHW-1,2.3,3.2,2.9,1023.8,39.1,29.5,0.0,-0.2,83.41,0.034782608695652174
263,CRGHW-1,9.9,11.4,2.9,983.4,10.3,42.5,0.0,8.6,91.95,0.8147826086956521
264,CRGHW-1,13.8,6.5,0.0,1020.1,22.7,42.5,0.0,12.6,92.36,0.05347826086956522
265,CRGHW-1,12.0,6.8,0.0,1019.9,19.0,31.7,0.0,11.0,93.65,0.26608695652173914
266,CRGHW-1,7.5,5.1,8.1,995.0,24.8,0.0,0.0,4.7,82.57,0.05695652173913044
267,CRGHW-1,18.4,6.0,6.9,1013.5,26.3,49.2,0.0,12.4,68.31,0.03304347826086956
268,CRGHW-1,1.2,9.1,0.0,1019.3,25.4,12.4,0.0,-0.1,91.47,0.5237826086956522
269,CRGHW-1,1.0,9.5,2.9,1004.9,17.5,29.5,0.0,0.1,93.85,0.3988260869565217
270,CRGHW-1,2.4,8.1,2.9,1012.5,26.6,15.5,0.0,-2.9,67.94,0.2752173913043478
271,CRGHW-1,5.1,8.7,13.0,993.8,33.1,39.2,0.0,2.7,84.81,0.2546086956521739
272,CRGHW-1,1.1,19.4,19.9,992.8,4.6,21.1,0.0,-0.6,88.57,0.937304347826087
273,CRGHW-1,6.3,6.4,0.0,1009.6,24.9,30.2,0.0,5.1,91.45,0.13304347826086957
274,CRGHW-1,3.4,20.8,19.9,988.8,10.1,36.1,0.0,2.8,95.41,0.6944782608695652
275,CRMLW-1,14.6,24.6,32.2,1006.8,27.0,89.5,0.0,12.2,85.72,0.9185684210526316
276,CRMLW-1,5.2,12.6,,1020.8,9.7,98.3,0.0,3.6,89.55,0.2006315789473684
277,CRMLW-1,9.2,12.5,,983.6,30.9,80.3,0.0,6.6,83.99,0.08206315789473685
278,CRMLW-1,14.7,11.2,,1018.1,27.7,86.7,0.0,11.2,79.88,0.046568421052631585
279,CRMLW-1,18.6,12.7,,1013.7,17.8,3.8,0.0,12.6,68.09,0.13077894736842105
280,CRMLW-1,1.6,15.9,33.3,1016.5,24.9,40.2,0.0,-0.8,84.11,0.5987368421052632
281,CRMLW-1,2.7,7.1,,1001.1,30.5,15.2,0.0,-0.3,81.12,0.3973052631578947
282,CRMLW-1,0.3,12.8,,1010.7,16.7,38.4,0.0,-2.3,82.72,0.40985263157894736
283,CRMLW-1,5.1,7.4,28.9,990.1,24.9,58.2,0.0,1.4,76.99,0.7801684210526316
284,CRMLW-1,0.8,18.3,36.0,986.7,4.3,61.1,0.0,-0.1,93.67,0.7432421052631579
285,CRMLW-1,7.2,2.6,,1008.2,24.7,59.2,0.0,5.2,87.0,0.06606315789473684
286,CRMLW-1,3.2,9.0,,985.2,27.7,79.2,0.0,1.4,88.12,0.15372631578947368
287,CRYRW-2,13.9,16.7,28.6,1013.7,28.5,90.5,0.0,12.2,89.81,0.5835797101449276
288,CRYRW-2,-1.2,2.0,0.0,1023.5,30.1,26.6,0.0,-5.0,75.08,0.09678260869565217
289,CRYRW-2,11.2,11.5,10.1,987.6,24.8,49.3,0.0,8.6,84.5,0.9534202898550724
290,CRYRW-2,14.4,2.8,,1020.2,24.2,86.3,0.0,13.0,91.05,0.01973913043478261
291,CRYRW-2,14.7,3.0,17.0,1020.7,20.7,43.8,0.0,12.4,86.04,0.0026811594202898552
292,CRYRW-2,10.2,4.9,,993.7,22.8,21.8,0.0,7.2,81.32,0.017594202898550723
293,CRYRW-2,14.3,8.4,,1014.3,25.0,99.4,0.0,11.9,85.55,0.00021739130434782607
294,CRYRW-2,2.0,10.5,,1018.4,29.4,0.0,0.0,-1.0,80.61,0.7234057971014493
295,CRYRW-2,1.9,10.8,,1006.3,27.7,88.3,0.0,0.3,88.99,0.5088985507246376
296,CRYRW-2,4.8,10.8,,1011.0,29.5,83.3,0.0,-3.0,56.96,0.25156521739130433
297,CRYRW-2,6.9,14.6,35.8,995.1,23.5,43.4,0.0,3.7,80.38,0.3140579710144928
298,CRYRW-2,2.2,24.0,42.1,992.7,24.6,30.8,0.0,-0.6,81.95,0.9693188405797101
299,CRYRW-2,10.7,7.7,,1008.1,24.9,16.1,0.0,5.9,72.66,0.1088695652173913
300,CRYRW-2,6.5,25.6,34.5,992.7,24.5,40.3,0.0,2.6,75.89,0.986072463768116
301,DALSW-1,13.0,17.9,28.9,1016.0,13.9,83.4,0.0,12.2,94.86,0.31473333333333336
302,DALSW-1,10.9,27.9,43.8,987.6,11.0,82.2,0.0,8.5,84.83,0.8358000000000001
303,DALSW-1,8.1,11.1,,993.1,28.2,69.3,0.0,5.9,86.47,0.26
304,DALSW-1,16.0,11.8,,1013.0,22.1,84.5,0.0,12.9,82.08,0.18206666666666665
305,DALSW-1,2.2,13.0,,1020.7,26.0,9.0,0.0,0.1,86.09,0.1542
306,DALSW-1,2.4,8.6,,1007.5,25.8,58.4,0.0,0.6,87.78,0.06133333333333334
307,DALSW-1,4.6,9.8,,1012.9,20.7,91.4,0.0,-0.8,67.84,0.23253333333333334
308,DALSW-1,5.9,16.1,,996.4,15.7,65.8,0.0,3.5,84.74,0.23446666666666666
309,DALSW-1,1.8,27.2,39.3,997.4,16.2,60.9,0.0,-0.1,87.11,0.6354666666666666
310,DALSW-1,10.3,5.1,,1009.2,24.5,26.7,0.0,6.8,78.9,0.040799999999999996
311,DALSW-1,6.0,23.2,34.3,994.6,14.7,71.3,0.0,3.2,82.16,0.6314666666666666
312,DRSLW-1,13.6,14.6,,1014.8,6.3,81.5,0.0,13.1,96.94,0.016927536231884057
313,DRSLW-1,15.9,4.5,,1019.4,24.4,97.2,0.0,13.4,85.15,0.11072463768115942
314,DRSLW-1,13.2,8.5,,1020.4,32.7,62.9,0.0,10.6,84.11,0.5404347826086956
315,DRSLW-1,18.2,12.0,,1012.3,27.6,55.8,0.0,13.7,74.99,0.08823188405797101
316,DRSLW-1,4.2,10.5,,1020.8,28.0,38.9,0.0,1.3,81.09,0.32202898550724635
317,DRSLW-1,3.8,10.6,,1006.3,37.2,52.1,0.0,1.1,82.21,0.5938550724637681
318,DRSLW-1,5.3,11.7,,1013.2,20.9,86.7,0.0,0.0,68.75,0.3329275362318841
319,DRSLW-1,6.4,14.7,,995.6,29.7,58.7,0.0,3.7,82.8,0.1671304347826087
320,DRSLW-1,4.1,28.7,41.4,996.8,7.9,53.3,0.0,0.7,78.58,0.9006956521739131
321,DRSLW-1,10.8,8.2,,1009.9,24.8,89.0,0.0,7.8,81.52,0.10666666666666667
322,DUNGW-1,13.6,19.1,66.9,1008.4,15.7,71.3,0.0,11.6,87.85,0.9118723404255319
323,DUNGW-1,2.5,8.1,31.1,1021.8,27.3,57.7,0.0,0.0,83.28,0.6840425531914893
324,DUNGW-1,13.2,4.5,,1019.9,20.9,81.1,0.0,11.5,89.7,0.002340425531914894
325,DUNGW-1,14.8,8.3,,1018.7,25.5,36.1,0.0,11.0,78.03,0.2265531914893617
326,DUNGW-1,4.4,5.0,,996.0,20.1,38.3,0.0,3.3,93.02,0.010361702127659574
327,DUNGW-1,18.0,9.4,,1013.3,20.9,60.4,0.0,11.5,65.48,0.005382978723404255
328,DUNGW-1,0.6,6.9,0.0,1017.0,24.6,37.2,0.0,-1.1,88.39,0.053404255319148934
329,DUNGW-1,0.6,5.6,0.0,1002.6,13.8,63.5,0.0,-0.6,91.42,0.743936170212766
330,DUNGW-1,-0.6,15.6,58.8,1011.0,20.0,8.5,0.0,-4.2,76.54,0.19293617021276596
331,DUNGW-1,3.5,14.6,45.7,991.4,25.7,24.8,0.0,0.7,82.17,0.5068936170212767
332,DUNGW-1,6.1,8.6,32.2,1008.5,20.7,43.9,0.0,4.6,90.24,0.13912765957446807
333,DUNGW-1,2.9,17.3,76.1,986.3,25.3,54.3,0.0,0.5,84.36,0.40389361702127663
334,EDINW-1,13.9,17.8,32.6,1007.6,2.2,47.6,0.0,12.9,94.06,0.26952380952380955
335,EDINW-1,6.1,5.0,8.1,1022.0,30.8,38.2,0.0,3.7,84.08,0.06714285714285714
336,EDINW-1,8.9,10.3,16.8,981.2,31.4,44.9,0.0,7.3,89.7,0.25523809523809526
337,EDINW-1,13.8,3.0,4.9,1018.4,17.4,32.0,0.0,12.4,91.31,0.02095238095238095
338,EDINW-1,12.7,12.1,16.1,1017.1,12.8,42.1,0.0,11.9,94.88,0.12428571428571428
339,EDINW-1,8.5,0.5,2.6,996.0,31.1,0.0,0.0,5.1,79.6,0.011428571428571429
340,EDINW-1,18.3,6.9,10.1,1013.2,23.1,24.9,0.0,15.5,83.59,0.0014285714285714286
341,EDINW-1,1.7,4.2,8.1,1017.9,12.1,28.8,0.0,0.0,89.1,0.23809523809523808
342,EDINW-1,4.4,11.1,19.0,999.6,20.7,31.6,0.0,2.7,88.75,0.6059523809523809
343,EDINW-1,2.3,3.2,10.1,1011.8,20.8,2.2,0.0,-1.8,74.44,0.10047619047619047
344,EDINW-1,5.1,4.8,17.2,989.5,14.5,31.6,0.0,3.1,87.16,0.14876190476190476
345,EDINW-1,2.8,23.7,36.6,988.5,8.8,34.4,0.0,1.2,88.63,0.8076666666666666
346,EDINW-1,9.4,4.1,11.0,1007.9,28.0,12.3,0.0,6.7,83.29,0.17333333333333334
347,EDINW-1,5.5,13.0,17.9,984.5,12.8,31.1,0.0,4.3,91.99,0.27566666666666667
348,EWHLW-1,13.1,16.6,28.9,1016.7,15.0,88.2,0.0,12.1,93.71,0.8656756756756757
349,EWHLW-1,7.7,9.5,,993.3,26.4,76.2,0.0,5.9,88.45,0.20875675675675676
350,EWHLW-1,15.5,10.6,,1013.3,21.0,89.2,0.0,12.7,83.36,0.16362162162162164
351,EWHLW-1,2.0,12.7,,1020.6,30.2,0.0,0.0,-0.3,84.64,0.23794594594594595
352,EWHLW-1,2.0,6.4,,1008.0,23.1,52.3,0.0,0.4,89.26,0.33578378378378376
353,EWHLW-1,4.9,10.0,,1012.7,22.0,93.1,0.0,-0.9,66.22,0.6542162162162162
354,EWHLW-1,6.5,14.0,,996.7,17.4,72.5,0.0,3.6,81.69,0.8515675675675676
355,EWHLW-1,1.4,24.1,39.0,997.7,16.0,70.3,0.0,0.0,90.71,0.7996756756756757
356,EWHLW-1,10.4,3.5,,1009.0,26.8,9.0,0.0,6.5,76.96,0.0026486486486486487
357,FAARW-1,2.6,8.2,31.1,1021.6,27.7,53.0,0.0,-0.1,82.37,0.48960869565217385
358,FAARW-1,15.1,8.0,,1018.6,25.0,28.8,0.0,11.2,77.13,0.15078260869565216
359,FAARW-1,18.0,9.4,,1013.3,19.5,65.7,0.0,11.5,66.03,0.00508695652173913
360,FAARW-1,0.7,5.6,0.0,1002.5,14.7,65.4,0.0,-0.6,91.04,0.5628695652173913
361,FAARW-1,-0.6,15.1,58.8,1010.7,20.0,7.5,0.0,-4.3,76.03,0.5143913043478261
362,FAARW-1,3.5,14.4,44.0,991.2,26.9,16.2,0.0,0.7,81.41,0.6365652173913043
363,FAARW-1,6.2,8.5,32.2,1008.3,19.8,45.0,0.0,4.7,90.07,0.07978260869565217
364,FAARW-1,3.1,16.5,76.1,986.2,28.1,50.3,0.0,0.4,82.4,0.041826086956521735
365,FAARW-2,13.7,18.6,66.9,1007.9,15.8,72.4,0.0,11.6,87.23,0.0471304347826087
366,FAARW-2,2.6,8.2,31.1,1021.6,27.7,53.0,0.0,-0.1,82.37,0.44282608695652176
367,FAARW-2,15.1,8.0,,1018.6,25.0,28.8,0.0,11.2,77.13,0.15130434782608695
368,FAARW-2,18.0,9.4,,1013.3,19.5,65.7,0.0,11.5,66.03,0.002043478260869565
369,FAARW-2,0.6,7.1,0.0,1016.8,27.5,35.4,0.0,-1.2,88.05,0.6950869565217391
370,FAARW-2,0.7,5.6,0.0,1002.5,14.7,65.4,0.0,-0.6,91.04,0.5288260869565218
371,FAARW-2,6.2,8.5,32.2,1008.3,19.8,45.0,0.0,4.7,90.07,0.06917391304347827
372,FSDLW-1,14.2,11.4,19.0,1014.4,3.0,86.6,0.0,13.8,97.25,0.3473873873873874
373,FSDLW-1,-0.8,2.4,0.0,1024.5,31.1,0.0,0.0,-2.2,90.5,0.046216216216216216
374,FSDLW-1,10.8,19.5,31.6,982.3,22.1,66.6,0.0,8.9,88.31,0.7145945945945946
375,FSDLW-1,15.2,6.2,0.0,1019.3,12.1,100.0,0.0,13.6,89.95,0.03144144144144144
376,FSDLW-1,12.3,13.3,19.4,1019.4,10.0,82.5,0.0,11.0,91.63,0.5299099099099099
377,FSDLW-1,10.2,12.4,16.1,993.3,29.5,39.9,0.0,5.7,73.75,0.25432432432432434
378,FSDLW-1,18.0,8.3,15.0,1012.6,22.8,65.8,0.0,13.5,75.08,0.3526126126126126
379,FSDLW-1,4.7,12.1,13.0,1021.1,19.4,24.1,0.0,1.8,81.4,0.2902702702702703
380,FSDLW-1,4.2,8.1,7.8,1005.4,22.8,78.7,0.0,1.7,84.3,0.5131531531531531
381,FSDLW-1,5.0,10.8,6.0,1013.6,17.6,84.5,0.0,0.7,73.79,0.17450450450450453
382,FSDLW-1,6.2,14.3,19.1,994.9,22.4,26.9,0.0,3.7,84.29,0.5236036036036037
383,FSDLW-1,4.3,25.5,32.4,997.0,4.9,61.7,0.0,1.5,82.12,0.7857657657657657
384,FSDLW-1,10.2,8.7,11.0,1010.6,26.8,88.3,0.0,7.7,84.36,0.19045045045045045
385,FSDLW-1,6.4,21.8,33.0,991.4,9.7,73.2,0.0,4.7,88.59,0.9105405405405405
386,GDSTW-1,14.6,13.7,21.7,1008.4,27.5,64.9,0.0,10.8,78.27,0.146
387,GDSTW-1,3.3,2.5,2.0,1020.9,30.7,97.7,0.0,-0.9,73.8,0.2393846153846154
388,GDSTW-1,10.5,15.4,19.9,986.6,8.3,72.2,0.0,10.0,96.47,0.46876923076923077
389,GDSTW-1,13.7,1.2,2.0,1019.8,17.9,95.2,0.0,8.9,72.94,0.009692307692307693
390,GDSTW-1,15.1,4.9,8.1,1019.4,23.3,76.1,0.0,11.0,76.52,0.006
391,GDSTW-1,9.0,5.2,10.1,994.6,28.5,77.9,0.0,4.5,73.65,0.06476923076923077
392,GDSTW-1,13.6,5.9,,1015.0,26.2,88.9,0.0,10.9,83.46,0.0003076923076923077
393,GDSTW-1,2.6,7.2,6.0,1015.0,30.3,1.1,0.0,-2.0,71.9,0.5296923076923077
394,GDSTW-1,2.0,10.2,14.8,1002.8,31.4,61.5,0.0,-1.6,76.98,0.016307692307692308
395,GDSTW-1,2.4,6.6,8.1,1009.1,26.9,3.4,0.0,-3.5,65.11,0.3823076923076923
396,GDSTW-1,7.7,13.1,17.7,991.9,31.1,48.5,0.0,2.2,68.07,0.08861538461538461
397,GDSTW-1,3.1,14.3,25.8,985.5,29.6,53.7,0.0,-2.4,67.36,0.9736923076923076
398,GDSTW-1,9.8,3.6,2.9,1007.4,24.1,34.8,0.0,4.7,70.32,0.184
399,GDSTW-1,4.8,10.4,13.8,988.4,24.9,38.6,0.0,-0.1,70.61,0.17015384615384616
400,GLOFW-1,14.6,16.7,66.9,1008.3,25.7,69.4,0.0,11.3,80.91,0.060374531835206
401,GLOFW-1,3.6,10.4,31.1,1021.0,30.7,84.1,0.0,-1.1,71.6,0.21707865168539328
402,GLOFW-1,9.8,18.1,66.9,986.2,12.8,69.7,0.0,8.3,90.26,0.14404494382022473
403,GLOFW-1,12.9,3.8,,1019.8,18.1,85.7,0.0,11.5,90.87,0.031835205992509365
404,GLOFW-1,15.0,5.7,,1019.2,23.3,62.4,0.0,10.9,76.81,0.0006741573033707865
405,GLOFW-1,6.9,6.7,,994.8,26.6,68.3,0.0,4.4,84.3,0.03588014981273408
406,GLOFW-1,14.7,7.9,,1014.7,25.5,86.9,0.0,11.0,78.52,0.034756554307116105
407,GLOFW-1,2.3,13.4,0.0,1015.3,30.1,4.9,0.0,-1.8,74.68,0.42112359550561795
408,GLOFW-1,1.7,9.1,0.0,1002.8,29.3,54.4,0.0,-1.1,81.72,0.10441947565543071
409,GLOFW-1,1.4,15.6,58.8,1009.4,25.3,3.5,0.0,-5.2,61.2,0.3112359550561798
410,GLOFW-1,6.3,14.5,40.1,991.8,30.8,33.9,0.0,0.6,66.89,0.09498127340823971
411,GLOFW-1,2.6,27.4,46.5,985.8,27.8,49.6,0.0,-1.9,72.33,0.8770786516853932
412,GLOFW-1,8.4,9.3,32.2,1007.5,24.4,30.3,0.0,4.2,74.78,0.19790262172284645
413,GLOFW-1,4.6,18.6,48.1,988.0,25.9,31.7,0.0,0.8,76.29,0.8778277153558052
414,GRIFW-1,13.8,12.7,29.3,1011.6,13.6,89.1,0.0,12.3,90.37,0.09784313725490197
415,GRIFW-1,2.7,8.3,,1022.8,29.9,80.5,0.0,-1.4,73.99,0.10098039215686275
416,GRIFW-1,10.9,6.1,,985.4,24.6,64.4,0.0,8.7,86.11,3.9215686274509805e-05
417,GRIFW-1,8.4,3.2,,994.9,24.1,20.6,0.0,5.6,82.58,0.010980392156862745
418,GRIFW-1,1.6,7.2,,1018.1,27.0,9.9,0.0,-1.0,82.68,0.4913725490196078
419,GRIFW-1,2.2,6.9,,1004.6,22.7,59.7,0.0,0.8,90.42,0.07745098039215687
420,GRIFW-1,3.6,6.5,,1011.3,25.2,19.5,0.0,-4.6,55.17,0.26411764705882357
421,GRIFW-1,5.7,7.9,35.8,993.6,19.4,44.4,0.0,3.4,85.02,0.10372549019607843
422,GRIFW-1,3.1,21.9,41.9,990.5,24.4,57.8,0.0,-0.6,76.63,1.9607843137254903e-05
423,GRIFW-1,5.8,16.0,36.6,989.3,15.4,74.6,0.0,2.4,79.01,0.7323529411764707
424,GRIFW-2,13.8,12.7,29.3,1011.6,13.6,89.1,0.0,12.3,90.37,0.09823529411764706
425,GRIFW-2,2.7,8.3,,1022.8,29.9,80.5,0.0,-1.4,73.99,0.15176470588235294
426,GRIFW-2,10.9,6.1,,985.4,24.6,64.4,0.0,8.7,86.11,5.882352941176471e-05
427,GRIFW-2,8.4,3.2,,994.9,24.1,20.6,0.0,5.6,82.58,0.012941176470588235
428,GRIFW-2,1.6,7.2,,1018.1,27.0,9.9,0.0,-1.0,82.68,0.6360784313725489
429,GRIFW-2,2.2,6.9,,1004.6,22.7,59.7,0.0,0.8,90.42,0.15529411764705883
430,GRIFW-2,3.6,6.5,,1011.3,25.2,19.5,0.0,-4.6,55.17,0.31058823529411766
431,GRIFW-2,5.7,7.9,35.8,993.6,19.4,44.4,0.0,3.4,85.02,0.12411764705882353
432,GRIFW-2,3.1,21.9,41.9,990.5,24.4,57.8,0.0,-0.6,76.63,0.11082352941176471
433,GRIFW-2,10.0,3.7,,1008.6,20.2,66.2,0.0,7.0,81.81,0.13784313725490197
434,GRIFW-2,5.8,16.0,36.6,989.3,15.4,74.6,0.0,2.4,79.01,0.7684313725490196
435,HBHDW-1,13.2,15.7,26.6,1013.4,27.2,81.8,0.0,12.3,94.58,0.8476208897485493
436,HBHDW-1,-0.5,3.8,,1023.6,33.5,4.8,0.0,-2.4,87.08,0.13176015473887814
437,HBHDW-1,11.0,17.6,49.4,985.5,15.2,60.4,0.0,8.4,84.37,0.9861121856866537
438,HBHDW-1,15.2,4.5,,1020.0,18.9,94.1,0.0,13.7,90.74,0.05110251450676982
439,HBHDW-1,15.3,4.7,,1020.3,23.3,27.8,0.0,11.4,77.52,0.16270793036750483
440,HBHDW-1,9.5,7.9,,993.9,27.2,38.0,0.0,6.4,80.68,0.0874274661508704
441,HBHDW-1,15.1,9.4,,1013.9,22.4,94.5,0.0,12.4,83.91,0.14402321083172145
442,HBHDW-1,2.1,12.9,,1019.4,22.8,9.9,0.0,-0.1,85.94,0.34560928433268856
443,HBHDW-1,2.6,11.6,,1006.1,30.3,79.0,0.0,0.3,84.86,0.4019342359767892
444,HBHDW-1,4.3,10.3,,1011.9,25.8,56.3,0.0,-2.8,59.7,0.15288201160541584
445,HBHDW-1,5.0,14.4,35.8,995.1,22.8,48.8,0.0,3.2,88.11,0.46177949709864596
446,HBHDW-1,2.5,24.8,40.2,993.5,13.7,37.5,0.0,-0.4,80.82,0.9379110251450676
447,HBHDW-1,10.4,7.4,,1008.9,20.5,78.1,0.0,6.5,76.76,0.030831721470019342
448,HBHDW-1,5.9,23.3,32.8,991.9,19.1,75.0,0.0,2.4,77.88,0.9786847195357833
449,HLGLW-1,15.0,15.8,66.9,1007.2,25.2,81.7,0.0,12.4,84.77,0.5369285714285714
450,HLGLW-1,4.9,13.5,31.1,1020.6,27.6,77.6,0.0,0.7,74.34,0.22507142857142856
451,HLGLW-1,10.0,14.0,66.9,984.9,26.9,75.0,0.0,7.8,85.89,0.4599285714285714
452,HLGLW-1,14.3,3.3,,1019.5,19.6,85.1,0.0,12.3,87.61,0.0005714285714285715
453,HLGLW-1,15.9,6.9,,1018.6,22.8,58.1,0.0,12.2,78.92,0.04642857142857143
454,HLGLW-1,6.7,7.1,,995.6,19.8,44.6,0.0,4.9,88.71,0.008714285714285714
455,HLGLW-1,16.3,13.8,,1014.3,16.8,81.8,0.0,12.2,76.48,0.028571428571428574
456,HLGLW-1,2.0,12.7,0.0,1015.8,30.1,17.2,0.0,0.0,86.55,0.3697857142857143
457,HLGLW-1,2.4,6.7,0.0,1001.9,32.1,84.2,0.0,-0.1,83.7,0.2527857142857143
458,HLGLW-1,1.5,17.9,58.8,1009.9,23.4,20.3,0.0,-2.7,73.42,0.11807142857142858
459,HLGLW-1,6.0,16.2,31.7,990.6,29.8,27.6,0.0,1.5,72.77,0.21778571428571428
460,HLGLW-1,1.9,22.5,39.4,985.9,22.9,71.6,0.0,0.5,90.65,0.5828571428571429
461,HLGLW-1,8.2,10.1,32.2,1007.9,19.3,24.1,0.0,5.1,80.69,0.05707142857142857
462,HLGLW-1,4.6,12.4,64.9,986.2,30.5,24.3,0.0,0.3,73.86,0.48378571428571426
463,HRSTW-1,12.6,19.0,28.9,1015.9,13.6,83.6,0.0,12.1,96.49,0.542296875
464,HRSTW-1,-1.9,2.7,,1024.8,32.1,0.0,0.0,-3.7,87.77,0.00678125
465,HRSTW-1,7.9,9.8,,993.4,29.6,65.5,0.0,6.0,87.81,0.117
466,HRSTW-1,15.6,10.9,,1013.3,20.7,86.0,0.0,12.7,82.95,0.12128125
467,HRSTW-1,1.9,14.4,,1020.4,25.4,8.1,0.0,-0.2,85.88,0.310984375
468,HRSTW-1,1.4,7.9,,1007.6,22.1,68.1,0.0,0.2,91.17,0.064734375
469,HRSTW-1,4.3,10.6,,1012.7,20.9,91.1,0.0,-1.4,66.63,0.434609375
470,HRSTW-1,5.6,15.5,,996.3,13.1,72.3,0.0,3.5,86.54,0.4473125
471,HRSTW-1,1.4,26.7,39.4,996.8,15.6,62.4,0.0,-0.3,88.73,0.676421875
472,HRSTW-1,10.3,4.8,,1009.1,24.8,28.2,0.0,6.5,77.81,0.0738125
473,HRSTW-1,5.5,23.0,34.2,994.6,14.4,72.1,0.0,3.0,83.96,0.767390625
474,KILBW-1,5.8,10.8,2.9,1019.7,25.2,90.3,0.0,3.1,82.89,0.5862736842105263
475,KILBW-1,16.1,6.7,2.9,1018.4,25.1,30.0,0.0,12.4,78.77,0.2769263157894737
476,KILBW-1,15.5,10.5,6.9,1014.9,22.0,64.8,0.0,12.8,83.94,0.4416842105263158
477,KILBW-1,3.2,13.6,,1015.0,20.3,29.5,0.0,0.6,82.99,1.1894315789473684
478,KILBW-1,2.7,6.1,6.9,1001.2,25.1,79.6,0.0,0.9,87.89,0.20661052631578947
479,KILBW-1,2.3,14.8,23.9,1009.3,15.5,25.6,0.0,-1.0,78.85,0.3138947368421053
480,KILBW-1,6.8,9.9,16.5,989.9,27.5,22.2,0.0,2.2,72.64,0.30084210526315786
481,KILBW-1,3.5,17.6,27.0,984.8,10.3,70.6,0.0,1.3,85.4,0.5712421052631579
482,KILBW-1,9.3,6.2,4.0,1007.5,22.3,55.6,0.0,5.7,77.94,0.06509473684210526
483,KILBW-1,4.8,7.1,,985.8,25.5,69.9,0.0,1.8,81.37,0.42673684210526314
484,KLGLW-1,14.0,14.1,17.5,1015.9,1.9,87.9,0.0,13.5,97.33,0.571640350877193
485,KLGLW-1,-0.9,2.0,1.5,1024.3,20.5,0.0,0.0,-2.4,89.5,0.008464912280701753
486,KLGLW-1,15.4,4.4,0.0,1019.2,28.3,92.1,0.0,13.0,85.65,0.04828947368421053
487,KLGLW-1,11.6,10.2,9.1,1020.8,20.8,93.2,0.0,10.3,91.62,0.16106140350877193
488,KLGLW-1,9.2,14.6,12.1,991.9,30.3,30.2,0.0,5.9,79.98,0.6350877192982457
489,KLGLW-1,18.2,9.2,9.9,1012.1,26.8,81.8,0.0,14.3,77.84,0.07474561403508773
490,KLGLW-1,3.7,7.3,10.5,1021.8,22.3,42.2,0.0,1.6,86.3,0.3411929824561404
491,KLGLW-1,3.2,7.6,2.5,1007.0,27.2,79.7,0.0,1.0,85.22,0.4694035087719298
492,KLGLW-1,5.4,8.0,8.1,1014.0,13.2,90.7,0.0,1.7,76.85,0.2802368421052632
493,KLGLW-1,6.9,12.1,14.6,996.2,20.3,15.4,0.0,4.1,82.41,0.3552719298245614
494,KLGLW-1,2.7,24.9,25.8,999.5,10.6,55.9,37.8,1.1,88.83,0.6970438596491227
495,KLGLW-1,10.9,8.3,10.5,1010.4,27.6,81.3,0.0,8.0,82.45,0.1782982456140351
496,KLGLW-1,6.8,22.6,29.3,993.9,12.9,87.9,0.0,3.8,81.38,0.004771929824561404
497,MILWW-1,11.9,25.3,66.9,1010.3,13.3,46.2,0.0,10.8,93.32,1.529
498,MILWW-1,2.5,7.2,12.1,1023.1,27.9,69.9,0.0,0.4,86.07,0.409
499,MILWW-1,13.1,10.0,,1020.3,27.9,55.6,0.0,11.4,89.62,0.001
500,MILWW-1,11.6,12.0,,1019.3,27.5,42.7,0.0,9.6,87.82,0.032
501,MILWW-1,5.4,3.9,8.9,996.1,25.4,11.4,0.0,3.3,86.76,0.079
502,MILWW-1,19.2,7.4,2.9,1013.1,27.1,43.7,0.0,11.8,61.98,0.255
503,MILWW-1,-0.4,11.5,0.0,1018.2,13.0,30.8,0.0,-1.5,92.58,0.5905
504,MILWW-1,-0.4,12.7,0.0,1003.5,7.3,42.7,0.0,-1.1,95.46,0.20600000000000002
505,MILWW-1,0.3,12.6,21.1,1012.0,20.5,9.8,0.0,-3.2,76.97,0.40700000000000003
506,MILWW-1,3.7,12.3,24.4,992.3,21.1,55.0,0.0,1.6,85.93,0.9595
507,MILWW-1,-0.7,25.6,98.0,989.9,5.8,35.2,0.0,-1.9,91.92,1.1664999999999999
508,MILWW-1,4.2,9.1,32.2,1009.3,23.8,25.6,0.0,3.3,94.17,0.142
509,MILWW-1,1.3,22.2,76.1,986.6,13.4,46.5,0.0,0.4,94.01,1.234
510,MINSW-1,13.1,16.6,28.9,1016.7,15.3,88.2,0.0,12.1,93.63,0.26875000000000004
511,MINSW-1,13.8,2.7,,1020.5,15.3,91.8,0.0,12.3,90.67,0.0002717391304347826
512,MINSW-1,7.7,9.5,,993.3,26.4,76.5,0.0,5.9,88.43,0.24266304347826087
513,MINSW-1,15.5,10.6,,1013.3,21.1,89.2,0.0,12.7,83.35,0.09342391304347827
514,MINSW-1,2.1,12.6,,1020.6,30.4,0.0,0.0,-0.3,84.63,0.15
515,MINSW-1,2.0,6.5,,1008.0,23.4,51.4,0.0,0.4,89.1,0.3369021739130435
516,MINSW-1,5.0,10.0,,1012.7,22.1,93.2,0.0,-0.8,66.21,0.5528804347826087
517,MINSW-1,6.5,14.0,,996.7,17.6,72.4,0.0,3.6,81.55,0.6183152173913045
518,MINSW-1,1.4,24.1,39.0,997.7,16.0,70.0,0.0,0.0,90.68,0.6552173913043479
519,MINSW-1,10.4,3.6,,1009.0,27.0,8.9,0.0,6.5,76.96,0.05869565217391305
520,MINSW-1,6.4,21.3,33.0,995.5,14.1,63.2,0.0,3.4,81.33,0.8442391304347827
521,MKHLW-1,13.9,14.0,19.0,1015.6,1.9,86.1,0.0,13.4,97.13,0.14260714285714285
522,MKHLW-1,15.4,4.5,0.0,1019.3,26.5,93.9,0.0,13.0,85.54,0.07453571428571429
523,MKHLW-1,12.1,10.0,8.1,1020.7,23.9,86.1,0.0,10.4,89.15,0.4393214285714286
524,MKHLW-1,9.3,14.0,10.1,992.1,31.3,40.4,0.0,5.8,78.47,0.5656785714285715
525,MKHLW-1,18.3,10.4,15.0,1012.1,26.7,73.3,0.0,14.1,76.55,0.027464285714285715
526,MKHLW-1,4.1,8.4,13.0,1021.5,23.2,40.4,0.0,1.7,84.45,0.14785714285714285
527,MKHLW-1,3.7,8.3,0.0,1006.8,29.6,69.0,0.0,1.2,84.03,0.06225000000000001
528,MKHLW-1,5.4,8.9,6.0,1013.8,14.8,91.1,0.0,1.2,74.5,0.1987857142857143
529,MKHLW-1,6.7,13.1,12.1,996.0,22.7,27.8,0.0,4.1,83.25,0.006464285714285714
530,MKHLW-1,3.3,25.7,28.2,998.8,9.4,58.3,0.0,1.1,85.38,0.7558571428571429
531,MKHLW-1,10.8,8.3,11.0,1010.3,26.0,81.0,0.0,7.9,82.5,0.15267857142857144
532,SANQW-1,13.0,18.0,28.9,1014.9,15.9,78.7,0.0,12.5,97.05,0.5606790123456791
533,SANQW-1,-0.8,3.4,,1024.3,33.4,0.0,0.0,-2.7,87.29,0.050617283950617285
534,SANQW-1,10.8,28.8,49.4,985.0,13.5,75.7,0.0,8.6,86.32,0.9850617283950618
535,SANQW-1,15.3,5.1,,1019.8,24.7,93.8,0.0,12.8,84.67,0.10469135802469136
536,SANQW-1,12.9,8.0,,1020.8,27.1,66.7,0.0,10.7,86.63,0.3570987654320988
537,SANQW-1,8.9,10.6,,993.1,33.9,50.7,0.0,6.0,82.4,0.26166666666666666
538,SANQW-1,16.9,11.6,,1012.8,24.4,73.7,0.0,13.2,79.19,0.029506172839506174
539,SANQW-1,2.7,12.2,,1020.5,25.8,26.9,0.0,0.6,85.98,0.9398765432098767
540,SANQW-1,2.7,10.2,,1006.7,33.0,63.9,0.0,0.6,86.12,0.35246913580246914
541,SANQW-1,4.5,11.2,,1013.0,22.7,85.6,0.0,-1.0,67.57,0.9701234567901235
542,SANQW-1,5.5,16.0,,995.8,20.6,59.4,0.0,3.3,85.92,0.7808641975308642
543,SANQW-1,2.7,28.6,40.7,996.4,12.3,44.0,0.0,0.0,82.19,0.8211728395061729
544,SANQW-1,10.3,7.6,,1009.5,25.1,70.7,0.0,7.2,81.34,0.3670987654320988
545,SANQW-1,5.7,24.9,38.8,993.0,15.7,75.6,0.0,3.2,83.91,0.9838888888888889
546,STLGW-1,1.6,8.6,33.5,1023.0,29.0,57.0,0.0,-0.7,84.45,0.3469041095890411
547,STLGW-1,12.5,10.3,,1019.2,26.9,40.3,0.0,9.8,83.44,0.06635616438356165
548,STLGW-1,-0.4,8.8,17.4,1018.0,16.2,34.7,0.0,-1.6,91.6,0.8681917808219178
549,STLGW-1,-0.4,10.1,13.8,1003.4,6.1,50.2,0.0,-1.1,95.18,0.4522191780821918
550,STLGW-1,-0.8,16.3,56.0,1011.8,20.3,6.8,0.0,-4.5,75.97,0.3147945205479452
551,STLGW-1,2.7,15.2,49.6,992.2,22.3,40.9,0.0,0.7,87.03,0.810958904109589
552,STLGW-1,1.6,23.9,72.0,986.6,16.5,50.1,0.0,0.3,91.47,0.10980821917808219
553,STLGW-2,1.6,8.6,33.5,1023.0,29.0,57.0,0.0,-0.7,84.45,0.3220240963855422
554,STLGW-2,12.5,10.3,,1019.2,26.9,40.3,0.0,9.8,83.44,0.06412048192771085
555,STLGW-2,-0.4,8.8,17.4,1018.0,16.2,34.7,0.0,-1.6,91.6,0.8114216867469879
556,STLGW-2,-0.4,10.1,13.8,1003.4,6.1,50.2,0.0,-1.1,95.18,0.3260963855421687
557,STLGW-2,-0.8,16.3,56.0,1011.8,20.3,6.8,0.0,-4.5,75.97,0.3575180722891566
558,STLGW-2,2.7,15.2,49.6,992.2,22.3,40.9,0.0,0.7,87.03,0.7760722891566265
559,STLGW-2,1.6,23.9,72.0,986.6,16.5,50.1,0.0,0.3,91.47,0.847590361445783
560,STLGW-3,1.6,8.6,33.5,1023.0,29.0,57.0,0.0,-0.7,84.45,0.29734246575342466
561,STLGW-3,12.5,10.3,,1019.2,26.9,40.3,0.0,9.8,83.44,0.04997260273972603
562,STLGW-3,-0.4,8.8,17.4,1018.0,16.2,34.7,0.0,-1.6,91.6,0.7931780821917809
563,STLGW-3,-0.4,10.1,13.8,1003.4,6.1,50.2,0.0,-1.1,95.18,0.1573972602739726
564,STLGW-3,-0.8,16.3,56.0,1011.8,20.3,6.8,0.0,-4.5,75.97,0.30484931506849317
565,STLGW-3,2.7,15.2,49.6,992.2,22.3,40.9,0.0,0.7,87.03,0.6847671232876712
566,STLGW-3,1.6,23.9,72.0,986.6,16.5,50.1,0.0,0.3,91.47,0.1097808219178082
567,STRNW-1,14.9,10.9,14.2,1005.7,13.6,71.7,0.0,13.0,88.76,0.19238235294117648
568,STRNW-1,6.5,10.9,17.9,1019.0,26.6,87.7,0.0,4.9,90.03,0.5666176470588236
569,STRNW-1,15.0,5.0,0.9,1019.2,30.4,91.2,0.0,12.6,85.77,0.013441176470588236
570,STRNW-1,14.7,9.2,9.0,1018.2,23.6,30.7,0.0,11.0,78.8,0.07055882352941177
571,STRNW-1,16.5,14.7,12.5,1014.9,23.8,35.3,0.0,12.9,79.16,0.19205882352941178
572,STRNW-1,2.5,10.5,17.9,1014.0,14.6,22.9,0.2,0.6,87.05,0.19244117647058823
573,STRNW-1,2.3,9.0,8.7,1000.7,13.4,67.6,0.0,0.6,88.45,0.15529411764705883
574,STRNW-1,1.4,11.4,11.9,1009.1,5.8,52.6,0.0,-0.7,85.65,0.5569999999999999
575,STRNW-1,5.4,10.3,19.5,989.3,30.4,35.1,0.0,2.7,82.57,0.7648823529411765
576,STRNW-1,9.8,6.5,11.0,1007.0,27.5,29.0,0.0,6.1,78.01,0.1287058823529412
577,TDBNW-1,13.5,16.6,27.8,1013.7,27.9,86.8,0.0,12.2,92.0,0.4146376811594203
578,TDBNW-1,0.3,2.3,4.0,1023.8,32.8,10.5,0.0,-2.1,83.78,0.08891304347826087
579,TDBNW-1,11.5,9.9,10.1,986.9,20.6,56.3,0.0,8.5,82.1,0.0013043478260869564
580,TDBNW-1,14.5,3.4,,1020.2,21.7,90.2,0.0,13.1,91.21,0.0477536231884058
581,TDBNW-1,16.6,3.4,4.9,1020.6,22.6,40.8,0.0,12.4,76.45,0.004782608695652174
582,TDBNW-1,9.7,6.4,,993.8,24.8,32.9,0.0,6.8,81.8,0.031014492753623186
583,TDBNW-1,14.5,8.8,,1014.1,23.3,97.8,0.0,12.1,85.37,0.022681159420289854
584,TDBNW-1,1.8,11.6,,1018.9,26.9,3.2,0.0,-0.7,83.35,0.7812318840579711
585,TDBNW-1,1.9,10.6,,1006.3,27.3,86.4,0.0,0.2,88.4,0.432463768115942
586,TDBNW-1,4.5,10.6,,1011.4,28.1,75.1,0.0,-3.0,58.25,0.3849275362318841
587,TDBNW-1,6.0,14.6,35.8,995.2,21.9,49.0,0.0,3.5,84.0,0.24717391304347824
588,TDBNW-1,2.1,24.0,40.9,993.2,19.3,37.5,0.0,-0.5,82.82,0.8810144927536231
589,TDBNW-1,10.5,7.1,,1008.4,23.0,36.0,0.0,6.1,74.12,0.07956521739130434
590,TDBNW-1,6.2,24.8,33.4,992.6,22.2,55.3,0.0,2.4,76.8,0.994927536231884
591,TULWW-1,13.3,26.8,26.4,1009.6,30.6,95.9,0.0,11.2,87.35,0.06835294117647059
592,TULWW-1,2.7,6.5,16.1,1021.3,30.9,89.3,0.0,-1.6,73.13,0.03470588235294118
593,TULWW-1,13.5,11.2,0.0,1020.1,24.2,89.0,0.0,12.0,90.63,0.08764705882352941
594,TULWW-1,13.4,6.7,6.0,1019.9,15.1,86.0,0.0,11.0,85.77,0.030705882352941177
595,TULWW-1,9.2,6.9,6.0,994.2,28.0,85.7,0.0,5.2,76.0,0.03411764705882353
596,TULWW-1,2.1,17.1,30.6,1015.2,30.8,0.0,0.0,-2.6,70.95,0.5035294117647059
597,TULWW-1,1.2,17.4,25.1,1003.7,28.0,14.3,0.0,-0.6,87.93,0.24152941176470588
598,TULWW-1,2.1,16.7,26.5,1009.6,22.1,1.5,0.0,-5.4,57.87,0.4109411764705882
599,TULWW-1,7.0,14.5,19.3,992.7,30.7,4.8,0.0,1.9,70.08,0.3716470588235294
600,TULWW-1,3.0,30.6,44.4,985.9,22.6,32.1,0.0,-1.9,70.22,0.8767058823529412
601,TULWW-1,9.6,9.0,13.9,1007.3,25.0,82.3,0.0,4.5,70.63,0.034470588235294114
602,TULWW-1,5.0,29.5,34.9,989.2,13.8,90.9,0.0,1.8,80.04,0.9361176470588235
603,TULWW-2,13.3,26.8,26.4,1009.6,30.6,95.9,0.0,11.2,87.35,0.06896
604,TULWW-2,2.7,6.5,16.1,1021.3,30.9,89.3,0.0,-1.6,73.13,0.04064
605,TULWW-2,13.5,11.2,0.0,1020.1,24.2,89.0,0.0,12.0,90.63,0.08456
606,TULWW-2,13.4,6.7,6.0,1019.9,15.1,86.0,0.0,11.0,85.77,0.0444
607,TULWW-2,9.2,6.9,6.0,994.2,28.0,85.7,0.0,5.2,76.0,0.046799999999999994
608,TULWW-2,2.1,17.1,30.6,1015.2,30.8,0.0,0.0,-2.6,70.95,0.44664000000000004
609,TULWW-2,1.2,17.4,25.1,1003.7,28.0,14.3,0.0,-0.6,87.93,0.22232
610,TULWW-2,2.1,16.7,26.5,1009.6,22.1,1.5,0.0,-5.4,57.87,0.27776
611,TULWW-2,7.0,14.5,19.3,992.7,30.7,4.8,0.0,1.9,70.08,0.3116
612,TULWW-2,3.0,30.6,44.4,985.9,22.6,32.1,0.0,-1.9,70.22,0.7852800000000001
613,TULWW-2,9.6,9.0,13.9,1007.3,25.0,82.3,0.0,4.5,70.63,0.05592
614,TULWW-2,5.0,29.5,34.9,989.2,13.8,90.9,0.0,1.8,80.04,0.764
615,WHIHW-1,12.9,17.9,28.1,1014.6,17.6,78.7,0.0,12.4,96.76,0.7681481481481481
616,WHIHW-1,-0.8,3.5,,1024.2,34.4,0.0,0.0,-2.6,87.03,0.06703703703703703
617,WHIHW-1,10.7,28.8,49.4,985.0,13.3,75.7,0.0,8.6,86.44,0.9642222222222222
618,WHIHW-1,15.3,5.1,,1019.9,23.5,94.3,0.0,12.8,85.29,0.04333333333333333
619,WHIHW-1,13.2,7.4,,1020.7,27.1,60.3,0.0,10.8,85.23,0.2908888888888889
620,WHIHW-1,8.9,10.1,,993.2,33.2,52.3,0.0,6.1,82.34,0.28807407407407404
621,WHIHW-1,16.6,11.7,,1012.9,23.9,75.0,0.0,13.1,79.84,0.053925925925925926
622,WHIHW-1,2.6,12.7,,1020.3,25.7,23.2,0.0,0.5,85.83,0.8620740740740741
623,WHIHW-1,2.7,10.5,,1006.6,33.0,63.0,0.0,0.6,85.92,0.43422222222222223
624,WHIHW-1,4.5,11.3,,1012.8,23.6,82.3,0.0,-1.3,66.13,0.671037037037037
625,WHIHW-1,5.4,16.2,35.8,995.7,21.1,61.9,0.0,3.3,86.42,0.7858518518518518
626,WHIHW-1,2.7,28.4,40.6,995.9,12.3,43.9,0.0,-0.1,81.57,0.5064444444444445
627,WHIHW-1,10.2,7.4,,1009.4,24.1,69.4,0.0,7.1,80.67,0.8066666666666668
628,WHIHW-1,5.6,24.8,37.8,992.9,16.0,74.8,0.0,3.1,83.47,1.0052592592592593
629,WHILW-1,13.6,9.2,13.8,1014.0,11.6,85.1,0.0,12.4,92.65,0.7851242236024845
630,WHILW-1,10.7,14.6,20.5,984.1,16.8,70.0,0.0,8.4,85.5,0.008385093167701864
631,WHILW-1,15.6,2.2,0.0,1019.7,20.9,96.3,0.0,13.4,86.91,0.0005279503105590063
632,WHILW-1,14.9,3.5,2.9,1020.3,26.6,52.6,0.0,11.9,82.5,0.08956521739130435
633,WHILW-1,9.3,5.2,4.9,993.5,32.4,30.2,0.0,6.1,80.16,0.07198757763975155
634,WHILW-1,16.7,9.8,14.1,1013.2,25.5,72.9,0.0,12.6,76.77,0.13065217391304348
635,WHILW-1,3.3,8.0,11.0,1020.1,33.1,23.2,0.0,0.8,83.78,0.298944099378882
636,WHILW-1,3.5,6.5,8.1,1005.9,36.3,54.7,0.0,1.1,84.26,0.5011180124223603
637,WHILW-1,4.8,6.9,6.9,1012.7,26.7,65.3,0.0,-1.1,65.72,0.085527950310559
638,WHILW-1,5.8,9.4,16.6,995.1,34.2,57.9,0.0,3.1,82.86,0.24354037267080747
639,WHILW-1,3.8,18.8,28.1,995.0,8.4,41.6,0.0,0.4,78.29,0.8205279503105589
640,WHILW-1,10.2,5.8,8.9,1009.5,24.6,94.8,0.0,7.1,80.96,0.06627329192546584
641,WHILW-1,6.0,14.4,28.0,991.6,14.6,77.1,0.0,3.6,84.79,0.6120496894409938
642,WHILW-2,13.3,15.0,27.4,1014.1,13.1,82.7,0.0,12.7,96.37,0.5046890756302521
643,WHILW-2,11.2,17.3,26.8,984.2,17.1,71.8,0.0,8.8,85.26,0.008319327731092436
644,WHILW-2,14.1,6.6,,1020.4,28.2,53.4,0.0,11.3,83.31,0.041109243697478995
645,WHILW-2,9.6,7.7,,993.5,33.8,36.2,0.0,6.1,79.03,0.13845378151260504
646,WHILW-2,17.1,10.7,,1013.1,25.6,70.2,0.0,13.1,77.12,0.16734453781512607
647,WHILW-2,3.2,11.0,,1020.1,31.1,25.6,0.0,0.7,83.53,0.3297983193277311
648,WHILW-2,3.2,9.5,,1006.1,36.1,57.5,0.0,0.8,84.41,0.3426470588235294
649,WHILW-2,4.7,11.3,,1012.7,25.8,70.5,0.0,-1.6,64.13,0.07061344537815127
650,WHILW-2,5.9,13.3,35.8,995.2,30.9,61.3,0.0,3.2,83.22,0.12105042016806722
651,WHILW-2,3.6,26.4,41.1,995.2,9.4,42.3,0.0,0.1,77.55,0.6232016806722689
652,WHILW-2,10.5,7.4,,1009.5,24.6,90.4,0.0,7.4,81.15,0.03125210084033613
