,datetime,temp,dew,humidity,precip,windgust,windspeed,pressure,cloudcover,visibility
0,2019-09-01,11.7,8.1,79.25,2.87,46.4,25.6,1013.8,58.0,41.4
1,2019-09-02,12.0,11.0,93.81,9.37,63.0,37.3,1016.1,78.7,17.4
2,2019-09-03,14.4,13.8,96.19,7.78,46.4,24.9,1014.6,86.5,17.9
3,2019-09-04,11.8,9.3,84.95,16.32,72.4,37.4,1009.5,59.9,31.8
4,2019-09-05,11.6,7.7,77.38,0.77,57.6,31.2,1022.1,67.1,26.9
5,2019-09-06,12.5,9.7,83.63,3.3,60.6,37.2,1015.2,60.9,24.8
6,2019-09-07,10.8,6.6,77.26,0.0,0.0,12.1,1024.9,17.6,44.5
7,2019-09-08,10.0,7.7,86.43,0.4,0.0,14.5,1022.4,57.6,34.5
8,2019-09-09,12.4,11.1,92.04,19.34,0.0,18.9,1011.1,78.3,20.3
9,2019-09-10,11.6,9.2,85.46,4.11,61.2,40.4,1015.7,64.7,28.2
10,2019-09-11,13.8,11.2,84.36,11.75,61.2,34.9,1011.4,72.7,24.0
11,2019-09-12,12.8,10.7,87.62,7.59,0.0,21.3,1020.6,63.1,26.3
12,2019-09-13,11.6,8.0,79.62,0.2,0.0,24.4,1033.6,22.4,28.2
13,2019-09-14,12.8,9.4,80.55,0.0,59.4,36.4,1027.1,76.6,34.5
14,2019-09-15,11.7,8.1,78.96,1.57,51.2,26.3,1022.0,76.3,19.7
15,2019-09-16,10.0,7.0,82.48,0.0,0.0,22.6,1023.0,56.5,34.9
16,2019-09-17,11.0,5.7,70.88,0.4,0.0,19.1,1026.1,50.5,36.0
17,2019-09-18,11.5,8.5,82.16,0.0,40.7,19.1,1029.4,83.6,40.0
18,2019-09-19,12.8,10.5,86.51,0.0,0.0,16.5,1030.2,45.0,31.7
19,2019-09-20,13.7,10.2,81.0,0.4,0.0,16.4,1024.2,4.7,28.6
20,2019-09-21,16.0,8.9,64.6,0.0,29.5,26.3,1011.4,5.7,49.9
21,2019-09-22,14.5,12.8,89.95,10.65,0.0,14.5,1002.4,80.0,23.2
22,2019-09-23,14.1,11.5,84.73,1.42,0.0,25.5,1003.2,73.1,45.0
23,2019-09-24,15.3,14.0,92.41,14.56,0.0,24.9,996.9,78.5,22.6
24,2019-09-25,14.2,13.5,95.51,6.47,0.0,19.1,996.0,87.9,17.2
25,2019-09-26,13.2,11.6,89.86,10.53,51.8,27.4,993.0,77.9,29.0
26,2019-09-27,11.3,9.8,90.58,11.59,0.0,22.4,994.6,68.2,35.7
27,2019-09-28,11.5,9.7,89.11,9.45,0.0,19.6,1000.0,63.5,43.8
28,2019-09-29,11.3,9.4,88.59,13.82,0.0,20.7,999.0,85.5,41.6
29,2019-09-30,10.4,8.8,90.53,3.24,0.0,25.6,1006.3,50.0,37.1
30,2019-10-01,8.0,4.7,80.21,9.38,51.8,32.1,1005.4,65.2,44.0
31,2019-10-02,6.4,2.6,78.38,0.2,0.0,14.7,1018.4,17.7,50.3
32,2019-10-03,6.2,4.0,86.24,1.12,0.0,23.5,1012.9,54.5,40.5
33,2019-10-04,9.9,8.4,90.91,16.93,48.2,25.5,1004.2,80.4,38.5
34,2019-10-05,10.6,8.7,87.78,0.91,0.0,19.1,1012.2,93.0,44.2
35,2019-10-06,10.4,9.3,92.57,29.7,31.7,22.7,1009.8,85.1,30.6
36,2019-10-07,11.8,9.5,86.0,4.3,63.0,44.6,1005.9,63.5,29.9
37,2019-10-08,10.9,8.0,82.38,8.11,63.6,41.1,996.0,59.8,21.8
38,2019-10-09,10.0,7.4,84.1,4.91,61.3,36.3,995.3,60.8,22.1
39,2019-10-10,10.6,8.9,89.33,12.02,68.4,36.4,998.8,72.1,18.1
40,2019-10-11,10.9,7.5,79.72,5.7,58.8,35.2,995.7,55.0,29.6
41,2019-10-12,9.8,7.3,84.83,6.87,51.8,27.8,1001.6,55.4,43.3
42,2019-10-13,8.5,7.7,94.8,9.21,0.0,10.7,1001.7,71.3,27.3
43,2019-10-14,8.5,6.9,90.41,2.3,0.0,11.2,1006.8,53.6,39.3
44,2019-10-15,8.7,7.0,89.41,0.4,0.0,19.9,1001.8,56.8,33.9
45,2019-10-16,10.1,7.7,85.31,1.98,42.5,27.3,997.7,56.2,32.7
46,2019-10-17,8.6,6.6,87.13,3.94,0.0,25.3,998.9,50.1,35.5
47,2019-10-18,8.6,6.8,88.86,23.78,0.0,18.0,994.1,68.4,36.4
48,2019-10-19,8.0,6.0,87.39,6.68,50.0,20.3,999.9,71.4,37.7
49,2019-10-20,6.7,3.0,77.76,0.0,48.2,19.2,1015.4,37.8,56.4
50,2019-10-21,5.4,2.5,82.57,0.2,0.0,15.2,1023.2,63.6,53.6
51,2019-10-22,9.1,6.2,81.98,0.0,46.4,27.8,1017.3,90.2,43.8
52,2019-10-23,10.8,8.1,83.29,0.71,59.3,36.9,1007.8,86.4,26.7
53,2019-10-24,9.2,7.0,86.77,5.26,0.0,31.3,1000.4,60.9,37.2
54,2019-10-25,4.2,2.1,86.31,4.03,0.0,18.9,1006.3,56.0,40.6
55,2019-10-26,5.4,2.5,81.89,0.48,59.4,28.6,1005.7,59.1,50.3
56,2019-10-27,6.5,3.4,81.05,1.82,57.6,32.7,1019.4,23.9,43.9
57,2019-10-28,2.8,0.1,83.47,0.4,0.0,14.2,1028.4,12.3,50.0
58,2019-10-29,3.8,1.8,87.46,0.4,0.0,17.6,1030.8,35.1,46.4
59,2019-10-30,4.3,2.4,87.83,0.4,0.0,18.3,1028.1,17.2,48.5
60,2019-10-31,5.5,2.2,79.88,0.2,0.0,19.1,1018.9,42.3,34.6
61,2019-11-01,8.6,8.2,96.95,16.98,0.0,15.6,992.9,89.5,13.4
62,2019-11-02,9.1,8.1,93.91,14.07,0.0,18.3,974.6,73.9,27.8
63,2019-11-03,7.9,6.8,92.82,1.33,0.0,16.9,979.5,71.9,29.9
64,2019-11-04,8.2,6.8,90.58,4.74,59.4,31.0,987.3,70.7,31.2
65,2019-11-05,6.5,4.0,84.35,3.05,55.4,24.8,1005.4,74.4,38.4
66,2019-11-06,3.8,2.4,90.47,3.46,0.0,13.5,1001.9,88.9,35.0
67,2019-11-07,5.2,3.1,87.06,2.5,50.0,27.0,997.8,63.8,29.1
68,2019-11-08,1.9,-0.7,83.0,1.44,0.0,17.2,1012.0,15.2,49.8
69,2019-11-09,2.3,-0.1,84.73,3.57,0.0,18.8,1007.8,71.7,48.1
70,2019-11-10,2.0,-0.5,83.86,0.2,0.0,23.5,1012.9,51.1,45.9
71,2019-11-11,5.2,3.6,89.44,19.43,76.0,36.5,992.9,73.5,25.3
72,2019-11-12,4.9,2.9,87.48,13.13,61.2,32.3,994.5,57.0,53.1
73,2019-11-13,1.6,0.6,92.85,6.68,0.0,15.6,997.1,49.8,43.2
74,2019-11-14,1.7,-1.1,81.91,0.4,50.0,20.0,1007.3,17.9,57.7
75,2019-11-15,3.5,1.2,84.83,0.6,55.4,18.9,1014.6,53.7,52.3
76,2019-11-16,3.1,2.1,93.03,4.84,0.0,12.7,1009.9,74.9,27.3
77,2019-11-17,2.1,1.1,93.39,0.96,0.0,8.0,1015.2,44.5,23.3
78,2019-11-18,-0.9,-2.2,90.93,0.4,0.0,9.7,1018.8,4.9,33.9
79,2019-11-19,1.3,-0.9,85.41,0.4,50.0,29.7,1012.6,64.8,48.7
80,2019-11-20,5.6,3.0,83.43,5.86,46.4,26.6,1008.4,80.8,22.8
81,2019-11-21,4.5,0.3,74.53,0.2,55.4,24.8,1004.8,56.5,32.4
82,2019-11-22,5.1,3.1,86.7,1.29,0.0,20.0,997.0,74.1,26.5
83,2019-11-23,7.5,6.0,89.94,2.65,46.4,25.6,1000.3,86.5,27.1
84,2019-11-24,7.8,7.2,95.92,3.36,0.0,10.8,1001.5,92.8,10.6
85,2019-11-25,7.9,7.0,93.73,3.17,0.0,15.8,999.6,92.2,12.3
86,2019-11-26,8.3,7.6,95.35,6.91,0.0,18.7,990.2,84.3,20.9
87,2019-11-27,5.9,5.3,96.33,1.87,0.0,12.7,987.2,64.4,12.9
88,2019-11-28,4.8,2.8,87.11,4.9,57.6,23.4,999.5,55.3,44.8
89,2019-11-29,-0.1,-2.1,86.86,0.2,0.0,11.4,1017.7,13.3,49.8
90,2019-11-30,-1.0,-2.4,90.42,0.2,0.0,13.5,1024.2,10.0,42.4
91,2019-12-01,-1.5,-2.7,91.95,0.4,0.0,7.6,1028.6,12.5,38.2
92,2019-12-02,4.6,3.6,93.28,1.44,0.0,23.1,1029.0,86.1,33.3
93,2019-12-03,5.9,3.8,86.06,0.39,33.5,26.1,1022.2,78.9,33.5
94,2019-12-04,7.2,4.9,85.08,0.81,53.6,33.6,1013.2,72.0,27.8
95,2019-12-05,8.1,6.7,90.61,11.14,74.8,46.5,1004.4,83.0,18.4
96,2019-12-06,9.2,8.1,92.7,6.91,53.1,32.6,996.4,72.8,22.9
97,2019-12-07,8.4,7.5,94.1,8.04,71.4,49.0,1000.7,82.7,21.9
98,2019-12-08,6.3,4.0,85.43,20.81,81.7,46.7,983.6,69.4,21.6
99,2019-12-09,4.3,1.3,80.88,4.02,77.8,27.5,1008.8,33.1,40.4
100,2019-12-10,7.3,5.7,89.45,23.02,86.6,55.8,996.4,75.1,15.3
101,2019-12-11,4.1,1.7,84.2,7.74,77.8,37.3,995.1,62.8,32.3
102,2019-12-12,3.0,1.8,91.87,9.39,48.2,26.0,982.3,75.4,25.6
103,2019-12-13,3.3,2.4,93.62,4.73,48.2,24.1,972.8,66.8,32.9
104,2019-12-14,3.9,1.2,82.59,10.48,79.6,39.5,977.1,71.5,26.5
105,2019-12-15,2.6,0.8,87.66,7.32,55.4,27.8,984.3,48.8,36.5
106,2019-12-16,3.7,1.9,88.22,5.14,59.4,34.7,990.9,60.7,38.6
107,2019-12-17,4.0,2.4,89.27,3.44,0.0,30.2,995.9,54.8,41.7
108,2019-12-18,3.7,2.2,90.4,3.7,54.0,45.9,1000.3,57.4,31.3
109,2019-12-19,8.4,6.8,89.63,5.76,61.3,44.1,988.2,74.2,26.1
110,2019-12-20,6.7,5.6,92.62,15.08,46.4,31.7,975.8,80.5,35.8
111,2019-12-21,4.6,3.7,93.49,2.55,0.0,20.2,975.1,76.3,26.3
112,2019-12-22,4.7,3.9,94.36,1.93,0.0,11.9,981.7,85.2,27.7
113,2019-12-23,6.4,4.9,89.93,9.93,66.6,35.7,997.7,73.3,19.4
114,2019-12-24,4.3,3.4,93.7,3.67,0.0,17.5,1004.5,77.9,33.5
115,2019-12-25,5.0,3.8,91.68,0.55,0.0,16.6,1020.2,61.1,51.1
116,2019-12-26,4.6,2.5,86.39,2.59,0.0,20.0,1016.2,91.7,38.9
117,2019-12-27,7.2,6.1,92.14,2.4,50.0,31.8,1023.3,86.9,29.7
118,2019-12-28,9.3,7.7,89.94,8.96,60.0,42.5,1027.0,84.8,19.0
119,2019-12-29,9.2,7.7,90.09,2.51,64.8,44.4,1023.3,75.7,18.6
120,2019-12-30,7.3,5.7,89.36,0.59,53.6,31.2,1023.7,60.5,23.3
121,2019-12-31,1.4,0.0,90.34,0.86,0.0,17.4,1032.5,14.3,35.1
122,2020-01-01,5.9,4.0,87.66,4.65,50.0,32.2,1024.4,93.7,14.7
123,2020-01-02,8.4,6.9,90.31,7.49,64.8,43.1,1007.2,78.3,19.9
124,2020-01-03,5.4,2.5,82.13,3.07,57.6,26.9,1018.3,55.3,24.4
125,2020-01-04,7.1,6.0,92.28,6.41,51.8,31.5,1027.4,81.5,24.8
126,2020-01-05,8.4,7.0,90.82,1.48,57.6,31.3,1023.4,91.9,41.1
127,2020-01-06,7.5,5.5,87.51,13.81,74.2,49.1,1009.9,69.2,21.5
128,2020-01-07,9.0,7.4,89.41,20.05,82.0,52.0,1006.0,82.2,15.0
129,2020-01-08,5.2,2.5,82.83,7.83,61.2,34.3,1014.3,62.8,23.3
130,2020-01-09,2.2,1.1,92.59,13.54,0.0,16.8,1007.0,73.8,28.4
131,2020-01-10,3.9,2.6,90.94,2.57,76.6,49.7,1016.6,58.2,23.2
132,2020-01-11,8.7,7.5,91.92,24.37,87.7,54.3,1006.6,78.6,18.8
133,2020-01-12,4.9,3.0,87.05,6.36,59.4,28.4,1010.1,52.7,34.6
134,2020-01-13,5.6,3.1,84.3,8.97,79.3,58.4,993.4,57.5,27.5
135,2020-01-14,4.0,1.2,82.51,5.58,76.2,43.8,982.5,61.9,31.6
136,2020-01-15,5.3,1.5,76.95,1.34,69.4,44.9,993.6,52.1,28.2
137,2020-01-16,7.0,4.8,86.29,6.67,66.6,43.0,1001.4,68.8,27.2
138,2020-01-17,4.1,1.8,85.39,1.93,57.6,28.2,1006.0,44.0,30.3
139,2020-01-18,3.2,0.7,84.13,1.42,55.4,25.1,1025.8,22.3,42.0
140,2020-01-19,2.8,0.7,86.7,0.4,0.0,23.2,1042.6,54.4,37.3
141,2020-01-20,5.7,3.8,87.56,0.0,42.5,23.3,1043.4,94.4,25.4
142,2020-01-21,7.6,7.0,95.57,0.6,0.0,22.6,1039.3,91.3,20.2
143,2020-01-22,8.4,7.9,97.31,0.82,0.0,14.3,1037.3,82.0,19.6
144,2020-01-23,7.0,6.3,95.15,0.8,0.0,22.0,1029.4,84.1,28.7
145,2020-01-24,7.0,6.5,96.71,0.8,0.0,23.9,1019.8,91.4,22.4
146,2020-01-25,6.2,4.8,91.12,1.6,53.6,28.1,1011.4,93.9,25.4
147,2020-01-26,5.3,3.3,87.35,8.6,54.0,34.8,1000.0,67.2,22.7
148,2020-01-27,3.3,0.6,83.11,1.9,63.0,33.8,990.5,53.5,37.6
149,2020-01-28,2.6,1.3,91.12,10.92,70.6,31.0,987.4,72.6,32.8
150,2020-01-29,5.0,3.8,91.66,10.2,62.9,41.5,997.5,68.7,18.7
151,2020-01-30,7.7,5.6,86.54,8.56,68.7,48.8,993.9,76.0,27.6
152,2020-01-31,9.1,7.4,89.58,6.49,68.7,39.0,992.4,81.7,24.8
153,2020-02-01,6.8,4.9,87.6,5.42,70.0,43.9,992.7,71.8,26.9
154,2020-02-02,5.2,4.1,92.63,9.16,51.8,30.3,999.3,82.3,24.6
155,2020-02-03,5.1,2.4,83.0,11.86,76.0,40.4,1003.3,52.8,21.7
156,2020-02-04,5.7,2.9,82.46,4.84,76.6,40.0,1019.1,50.8,36.6
157,2020-02-05,4.5,2.8,89.16,0.2,0.0,21.9,1033.7,66.4,25.4
158,2020-02-06,5.0,2.8,86.21,0.2,0.0,18.8,1028.7,69.3,24.3
159,2020-02-07,4.1,0.0,76.84,0.2,64.8,37.9,1012.2,38.5,26.3
160,2020-02-08,6.2,3.9,85.29,7.72,98.3,62.0,998.0,63.2,19.6
161,2020-02-09,7.2,5.1,86.71,34.74,79.8,57.4,971.8,68.9,20.0
162,2020-02-10,2.9,0.8,86.37,14.47,80.5,47.0,981.8,62.9,23.0
163,2020-02-11,2.5,0.2,84.69,12.48,84.4,46.0,992.2,59.4,18.8
164,2020-02-12,2.2,-0.3,83.62,7.27,71.2,44.8,1003.9,45.9,33.4
165,2020-02-13,2.5,1.2,90.99,16.83,0.0,27.3,997.4,81.1,33.9
166,2020-02-14,5.4,3.3,86.11,10.34,70.6,43.3,1005.3,76.1,26.8
167,2020-02-15,6.7,4.9,88.36,15.73,83.5,51.8,987.9,63.7,16.2
168,2020-02-16,5.6,1.4,74.57,3.55,91.6,53.7,976.1,64.2,26.6
169,2020-02-17,5.0,2.6,84.64,6.84,89.8,55.3,994.1,69.2,17.7
170,2020-02-18,3.9,1.6,85.18,11.65,68.4,38.2,1005.7,63.8,29.5
171,2020-02-19,5.2,3.7,89.8,9.09,53.7,37.5,1006.9,67.9,17.8
172,2020-02-20,4.8,3.2,89.43,19.19,74.2,40.0,999.9,66.3,20.7
173,2020-02-21,7.1,5.8,91.5,21.0,76.0,47.8,1003.8,86.6,12.8
174,2020-02-22,4.7,1.7,80.94,14.37,98.3,57.4,1002.8,60.6,21.2
175,2020-02-23,3.8,1.7,86.64,10.29,59.3,34.8,1010.6,61.4,23.3
176,2020-02-24,2.5,1.4,92.9,10.28,57.6,25.6,1001.4,84.0,23.2
177,2020-02-25,2.5,1.2,91.17,7.32,50.0,23.2,993.3,70.6,45.2
178,2020-02-26,2.3,0.2,86.46,1.41,51.8,28.1,998.6,52.0,50.3
179,2020-02-27,2.1,0.2,87.26,3.97,63.0,29.3,1001.0,41.8,43.2
180,2020-02-28,4.3,2.9,90.69,6.68,48.2,31.9,994.3,74.4,35.0
181,2020-02-29,4.7,2.6,86.84,11.63,78.6,48.0,969.1,69.2,20.0
182,2020-03-01,4.2,1.7,84.07,18.28,80.5,51.6,972.9,70.3,20.5
183,2020-03-02,3.3,0.9,84.71,3.96,53.6,30.2,984.1,65.4,37.4
184,2020-03-03,4.3,2.0,85.78,3.33,51.8,27.3,996.3,60.9,34.1
185,2020-03-04,2.9,0.6,85.58,1.4,0.0,15.3,1006.0,48.7,38.5
186,2020-03-05,1.9,0.0,87.78,0.53,0.0,8.6,1000.3,56.2,36.6
187,2020-03-06,3.0,1.3,88.72,2.44,0.0,21.6,1003.8,67.3,34.3
188,2020-03-07,7.0,6.0,93.41,5.65,79.8,48.1,1001.2,87.1,14.4
189,2020-03-08,6.4,4.1,85.25,11.14,74.2,44.5,993.9,63.7,34.9
190,2020-03-09,5.9,4.6,91.21,7.86,66.6,43.9,999.4,65.6,22.7
191,2020-03-10,7.5,5.2,85.81,7.2,61.2,43.8,993.8,64.5,20.0
192,2020-03-11,4.8,2.6,85.9,13.07,62.4,38.8,996.8,69.1,24.1
193,2020-03-12,3.6,1.5,86.47,11.58,73.6,45.4,995.1,77.4,27.8
194,2020-03-13,3.7,0.8,82.13,6.7,0.0,21.5,1013.9,50.4,38.5
195,2020-03-14,6.2,4.5,88.64,4.11,66.6,42.7,1003.9,84.0,25.6
196,2020-03-15,6.4,4.0,84.56,7.85,63.7,40.0,999.0,74.3,31.9
197,2020-03-16,5.3,3.0,85.94,2.91,64.2,42.5,1014.1,64.6,30.4
198,2020-03-17,7.1,5.5,89.61,11.65,66.6,38.3,1015.1,77.3,18.7
199,2020-03-18,4.4,1.7,82.85,5.97,0.0,28.2,1020.8,62.9,32.2
200,2020-03-19,4.3,1.0,79.72,0.8,0.0,16.1,1028.5,41.3,39.8
201,2020-03-20,3.2,-0.7,77.09,0.2,0.0,22.3,1034.7,20.5,50.2
202,2020-03-21,4.1,-0.5,73.21,0.0,31.7,23.1,1030.2,48.3,47.8
203,2020-03-22,3.9,-1.1,71.19,0.0,0.0,19.7,1028.3,22.1,30.6
204,2020-03-23,5.7,0.4,69.3,0.0,55.4,33.8,1022.6,54.3,25.7
205,2020-03-24,7.9,4.3,77.74,0.0,70.5,47.0,1017.5,73.1,17.6
206,2020-03-25,8.4,6.5,88.0,5.31,68.4,34.3,1021.3,82.7,12.2
207,2020-03-26,7.7,6.2,90.31,1.4,0.0,15.0,1026.1,79.2,21.2
208,2020-03-27,6.9,5.0,88.05,0.6,0.0,21.8,1029.8,94.5,31.4
209,2020-03-28,4.5,0.0,73.66,0.4,57.6,29.3,1038.9,59.4,43.2
210,2020-03-29,3.8,-3.3,60.84,0.2,0.0,23.2,1046.9,83.6,53.8
211,2020-03-30,6.3,2.0,75.29,0.0,0.0,19.6,1039.5,66.0,47.3
212,2020-03-31,6.4,2.9,78.93,0.4,0.0,18.5,1034.8,92.8,49.1
213,2020-04-01,6.7,3.5,80.32,0.4,48.2,28.4,1022.8,87.1,38.7
214,2020-04-02,6.8,2.6,75.2,1.43,63.6,42.7,1012.0,77.6,32.1
215,2020-04-03,5.2,2.6,83.6,3.61,0.0,24.1,1013.6,85.1,37.1
216,2020-04-04,7.3,4.6,83.4,1.02,53.6,31.5,1014.2,78.4,42.7
217,2020-04-05,11.4,4.2,62.54,0.0,74.2,38.2,1006.6,37.8,42.8
218,2020-04-06,9.4,5.4,77.04,2.94,63.0,40.3,1009.6,53.0,27.6
219,2020-04-07,7.7,3.3,75.04,0.2,48.2,31.8,1026.1,19.0,31.2
220,2020-04-08,9.3,5.0,75.24,0.2,0.0,21.9,1024.4,69.8,33.9
221,2020-04-09,9.3,7.0,86.17,0.87,0.0,15.9,1026.3,83.2,33.3
222,2020-04-10,11.1,8.0,82.44,0.98,0.0,13.3,1023.1,65.5,13.9
223,2020-04-11,11.0,7.6,80.71,2.25,0.0,22.8,1020.2,60.7,34.9
224,2020-04-12,8.9,4.9,77.32,0.2,54.9,29.8,1017.6,66.4,31.2
225,2020-04-13,4.8,-2.2,61.13,0.0,50.0,28.2,1031.0,46.2,32.7
226,2020-04-14,5.6,1.3,74.97,0.0,0.0,22.5,1027.8,16.7,26.2
227,2020-04-15,7.4,4.3,81.5,0.0,0.0,19.2,1022.2,18.1,27.6
228,2020-04-16,8.1,4.6,80.0,0.0,38.9,27.1,1019.3,29.1,34.7
229,2020-04-17,7.5,2.9,73.88,0.0,0.0,24.9,1020.9,40.1,35.0
230,2020-04-18,6.8,1.3,69.11,0.0,0.0,23.8,1021.2,24.9,41.1
231,2020-04-19,8.3,1.5,65.84,0.0,38.9,23.1,1023.9,6.3,44.7
232,2020-04-20,8.4,0.4,59.4,0.0,50.0,33.7,1025.5,1.0,54.1
233,2020-04-21,9.2,2.3,64.49,0.0,48.2,33.8,1025.7,1.5,49.8
234,2020-04-22,10.0,4.4,70.35,0.0,0.0,25.9,1026.5,6.1,35.1
235,2020-04-23,10.4,4.0,67.79,0.0,0.0,15.8,1023.6,47.7,37.8
236,2020-04-24,10.5,3.9,66.15,0.0,0.0,14.4,1017.4,29.7,43.0
237,2020-04-25,9.6,5.7,78.43,0.0,0.0,13.7,1014.2,16.2,18.0
238,2020-04-26,8.6,3.5,71.83,0.0,0.0,23.4,1010.7,46.1,50.8
239,2020-04-27,7.0,2.5,74.84,5.0,0.0,16.6,1008.9,30.6,58.1
240,2020-04-28,7.1,2.9,75.35,1.72,0.0,16.8,1007.4,75.0,48.4
241,2020-04-29,6.5,4.0,84.51,4.76,35.3,19.0,999.5,88.0,36.3
242,2020-04-30,7.6,5.0,84.39,8.31,0.0,17.1,989.6,80.6,37.2
243,2020-05-01,7.9,5.1,83.55,4.99,0.0,21.3,995.8,66.3,36.0
244,2020-05-02,9.6,4.5,72.4,0.6,0.0,18.1,1008.3,44.0,53.0
245,2020-05-03,8.5,3.9,74.57,1.0,0.0,14.0,1016.3,34.5,47.5
246,2020-05-04,8.5,4.3,76.74,1.0,0.0,22.4,1022.6,47.4,44.5
247,2020-05-05,7.9,2.3,70.05,0.0,0.0,19.2,1024.6,13.5,53.7
248,2020-05-06,9.1,2.1,64.26,0.0,0.0,15.4,1025.8,0.0,49.5
249,2020-05-07,10.2,4.6,68.57,0.51,0.0,16.4,1020.8,50.2,38.2
250,2020-05-08,12.5,9.2,80.82,2.0,0.0,19.7,1017.1,72.1,38.2
251,2020-05-09,13.5,9.3,77.56,0.0,0.0,18.4,1014.1,80.1,47.0
252,2020-05-10,6.5,0.9,69.23,1.33,54.3,35.5,1019.4,69.1,47.6
253,2020-05-11,5.1,-2.7,59.46,0.0,38.9,20.1,1027.0,18.3,58.5
254,2020-05-12,7.4,2.3,71.77,0.6,47.7,30.9,1020.2,51.5,46.8
255,2020-05-13,5.9,-1.8,60.18,1.23,0.0,16.4,1021.8,53.4,58.5
256,2020-05-14,6.6,1.5,70.96,0.0,0.0,23.7,1023.9,42.4,59.5
257,2020-05-15,8.4,3.9,74.29,0.0,25.9,25.6,1024.1,57.3,53.7
258,2020-05-16,9.4,5.9,78.91,0.2,0.0,26.2,1022.0,82.8,52.1
259,2020-05-17,10.3,9.1,92.39,5.19,51.8,24.7,1019.0,87.5,20.0
260,2020-05-18,11.6,10.0,90.2,8.09,55.4,27.1,1017.8,84.2,26.4
261,2020-05-19,12.8,11.8,93.4,6.86,0.0,22.1,1019.5,87.1,23.9
262,2020-05-20,13.6,9.7,78.89,0.2,0.0,19.9,1019.3,36.9,33.1
263,2020-05-21,11.9,7.5,74.89,0.73,0.0,18.4,1016.8,50.4,48.0
264,2020-05-22,12.1,7.8,75.72,10.99,76.2,47.4,1002.4,75.4,21.8
265,2020-05-23,9.5,6.6,82.39,9.09,76.2,46.3,1008.7,79.8,15.5
266,2020-05-24,11.3,9.4,88.44,6.25,51.8,29.6,1024.5,76.1,17.1
267,2020-05-25,11.4,8.3,81.91,0.8,50.0,32.5,1031.4,53.0,28.4
268,2020-05-26,12.7,8.1,75.22,0.48,0.0,20.6,1035.0,44.0,24.7
269,2020-05-27,11.9,6.2,70.0,0.0,0.0,10.2,1037.3,47.4,32.3
270,2020-05-28,15.2,8.9,67.29,0.0,0.0,15.6,1032.9,27.9,39.6
271,2020-05-29,17.7,9.1,59.69,0.0,0.0,20.5,1026.8,2.1,47.0
272,2020-05-30,16.5,7.7,57.84,0.0,0.0,18.7,1024.3,6.4,53.7
273,2020-05-31,15.6,6.2,56.59,0.0,33.5,15.8,1025.0,1.3,48.2
274,2020-06-01,16.3,7.8,59.53,0.0,0.0,14.9,1025.8,5.2,51.9
275,2020-06-02,14.9,9.6,71.5,1.51,0.0,16.8,1020.2,60.2,40.7
276,2020-06-03,11.1,6.4,74.47,13.34,50.0,23.3,1015.0,84.7,50.6
277,2020-06-04,9.7,6.6,81.1,10.47,0.0,28.6,1004.1,76.0,42.7
278,2020-06-05,8.6,4.2,75.16,3.51,58.2,38.4,995.6,61.6,48.0
279,2020-06-06,11.7,7.4,76.35,6.07,61.2,33.8,995.7,65.6,45.5
280,2020-06-07,12.2,7.6,74.63,1.01,0.0,19.8,1009.4,59.3,46.9
281,2020-06-08,10.6,4.9,68.84,0.0,0.0,16.5,1019.7,79.8,37.2
282,2020-06-09,10.3,6.9,80.23,0.2,0.0,16.0,1019.1,86.5,32.4
283,2020-06-10,10.5,9.2,91.86,17.8,0.0,23.6,1013.9,83.2,20.2
284,2020-06-11,11.7,7.4,75.69,1.1,50.6,30.6,1021.4,71.6,44.8
285,2020-06-12,12.4,9.0,80.57,2.02,57.6,27.4,1014.7,84.1,29.3
286,2020-06-13,13.6,12.2,91.42,5.59,38.9,20.2,1011.7,81.0,26.9
287,2020-06-14,15.8,13.1,84.95,0.0,0.0,14.8,1015.1,52.8,33.7
288,2020-06-15,16.3,13.9,86.44,0.0,0.0,13.1,1015.8,69.9,27.4
289,2020-06-16,15.9,13.9,88.75,10.0,0.0,12.7,1014.7,70.5,18.9
290,2020-06-17,16.1,13.6,85.93,10.94,0.0,13.8,1013.9,64.3,24.8
291,2020-06-18,14.7,11.3,81.42,0.2,0.0,20.2,1012.6,39.6,30.0
292,2020-06-19,14.2,12.0,87.15,4.39,0.0,17.7,1009.6,83.7,29.1
293,2020-06-20,14.3,10.6,79.69,1.96,48.2,32.1,1013.4,54.6,41.9
294,2020-06-21,13.1,10.9,86.73,16.75,53.6,32.3,1009.4,76.6,27.0
295,2020-06-22,12.2,10.8,91.71,6.37,64.8,41.6,1016.1,67.5,21.6
296,2020-06-23,14.5,13.3,92.8,15.52,66.6,42.7,1018.0,84.2,29.6
297,2020-06-24,16.9,13.1,78.69,1.0,0.0,17.4,1020.4,41.2,43.1
298,2020-06-25,21.0,14.5,69.49,0.0,0.0,20.3,1016.3,10.2,34.3
299,2020-06-26,17.4,14.6,83.55,8.47,0.0,18.0,1007.4,70.7,25.8
300,2020-06-27,13.7,11.7,88.17,11.81,53.6,29.2,997.3,73.4,34.5
301,2020-06-28,11.2,10.4,94.43,21.02,63.6,41.5,993.6,84.8,10.5
302,2020-06-29,12.0,10.8,92.25,13.44,57.6,35.6,996.4,83.6,16.1
303,2020-06-30,12.7,10.8,88.47,1.94,0.0,26.3,1001.8,86.0,37.4
304,2020-07-01,12.4,11.0,91.13,2.98,0.0,17.7,1003.6,89.0,26.0
305,2020-07-02,12.2,8.1,76.73,1.35,0.0,19.0,1010.2,75.8,47.4
306,2020-07-03,11.6,10.7,94.52,25.72,53.6,28.3,1005.5,85.3,18.0
307,2020-07-04,12.4,11.3,92.94,5.64,56.4,36.5,1002.5,84.8,29.0
308,2020-07-05,11.9,10.0,88.52,19.12,66.0,41.5,999.4,68.3,26.0
309,2020-07-06,12.2,8.2,77.23,0.98,48.2,27.2,1015.2,59.1,38.1
310,2020-07-07,11.8,9.0,83.03,1.45,0.0,19.5,1016.8,72.0,43.4
311,2020-07-08,12.1,9.5,84.82,0.57,0.0,11.8,1014.8,74.7,35.7
312,2020-07-09,13.1,9.5,79.39,5.45,0.0,19.6,1013.5,64.8,42.1
313,2020-07-10,12.0,8.1,78.25,7.74,44.6,25.9,1017.5,62.4,48.0
314,2020-07-11,12.0,8.4,78.89,0.29,0.0,22.6,1025.2,71.1,44.3
315,2020-07-12,13.5,9.1,75.62,0.0,48.2,28.4,1025.4,59.0,42.9
316,2020-07-13,14.2,12.3,88.49,2.0,42.5,24.9,1018.1,75.0,35.0
317,2020-07-14,12.3,10.1,87.08,2.53,46.4,23.1,1015.5,78.5,43.7
318,2020-07-15,12.9,11.7,92.6,2.05,0.0,22.2,1013.3,85.7,34.9
319,2020-07-16,15.2,13.0,87.08,0.6,33.5,25.0,1017.8,90.0,39.6
320,2020-07-17,14.6,13.3,92.06,4.82,50.0,24.6,1015.7,88.7,22.5
321,2020-07-18,13.4,9.6,78.97,0.99,0.0,25.5,1014.6,66.3,34.3
322,2020-07-19,11.9,7.8,76.52,0.0,0.0,27.0,1018.8,53.3,31.8
323,2020-07-20,12.0,8.3,79.06,1.67,0.0,26.6,1022.8,72.5,43.4
324,2020-07-21,12.9,7.9,73.19,0.0,0.0,14.1,1025.0,66.1,49.8
325,2020-07-22,12.9,11.9,93.71,13.4,0.0,19.6,1019.1,81.8,25.2
326,2020-07-23,14.6,13.5,93.11,16.64,0.0,18.4,1011.3,73.4,29.3
327,2020-07-24,13.1,10.9,86.81,0.2,0.0,24.2,1009.4,82.0,40.7
328,2020-07-25,14.6,13.0,90.19,16.9,0.0,25.5,1000.9,80.4,35.1
329,2020-07-26,13.7,10.8,83.36,1.68,48.2,26.4,1003.2,69.0,43.1
330,2020-07-27,12.9,11.5,90.98,22.71,55.4,31.6,999.2,81.0,24.8
331,2020-07-28,12.2,8.4,78.21,0.51,55.7,36.0,1008.5,65.9,40.7
332,2020-07-29,12.6,7.7,72.62,0.0,35.3,22.5,1016.8,78.1,38.0
333,2020-07-30,13.3,11.6,89.56,7.47,46.4,25.3,1015.1,86.0,30.0
334,2020-07-31,18.4,13.3,73.91,3.0,0.0,24.9,1008.7,42.1,35.4
335,2020-08-01,14.6,11.7,83.74,2.94,0.0,21.4,1011.8,77.2,27.5
336,2020-08-02,13.1,10.2,83.05,4.37,0.0,23.5,1013.5,75.0,37.1
337,2020-08-03,12.1,8.3,78.28,0.4,0.0,20.4,1015.6,68.1,40.5
338,2020-08-04,13.4,12.3,93.08,28.64,64.3,42.1,1006.4,85.8,18.5
339,2020-08-05,15.2,14.4,95.0,22.99,61.2,32.5,1003.2,85.4,20.7
340,2020-08-06,15.9,13.6,86.61,0.56,0.0,21.2,1013.6,74.3,41.5
341,2020-08-07,16.4,14.3,87.95,4.11,48.2,28.8,1016.3,71.2,52.6
342,2020-08-08,14.5,10.5,78.96,0.4,0.0,16.5,1023.9,6.1,47.6
343,2020-08-09,14.7,10.2,75.35,0.0,0.0,23.0,1022.9,21.7,51.0
344,2020-08-10,15.7,13.2,85.2,0.83,0.0,16.7,1019.4,67.8,23.9
345,2020-08-11,18.0,15.7,86.9,13.19,42.5,16.3,1017.3,65.7,20.0
346,2020-08-12,19.9,17.3,85.36,0.0,0.0,15.8,1015.5,39.8,17.3
347,2020-08-13,17.9,15.4,85.61,0.0,0.0,24.5,1017.1,46.4,26.1
348,2020-08-14,16.7,14.0,85.0,0.0,0.0,16.6,1017.2,50.7,35.8
349,2020-08-15,16.2,13.7,85.82,0.0,0.0,16.3,1017.5,47.3,30.6
350,2020-08-16,15.1,12.7,85.64,0.2,0.0,21.2,1014.6,85.0,32.6
351,2020-08-17,14.1,13.1,93.21,8.53,0.0,16.1,1008.1,87.0,29.0
352,2020-08-18,16.0,14.6,91.42,4.23,0.0,12.8,1004.0,80.0,28.2
353,2020-08-19,17.5,14.9,85.88,3.08,0.0,21.3,1000.4,72.4,34.2
354,2020-08-20,16.7,13.2,79.89,5.07,71.5,41.0,994.3,76.8,26.8
355,2020-08-21,15.3,13.3,87.5,18.6,67.2,40.2,989.0,72.8,26.1
356,2020-08-22,14.5,12.2,86.55,9.43,48.2,28.1,1001.9,65.3,30.1
357,2020-08-23,13.0,10.7,86.07,4.64,0.0,16.4,1011.6,84.6,49.8
358,2020-08-24,11.2,7.5,79.03,2.47,0.0,12.5,1013.2,36.2,45.8
359,2020-08-25,13.0,11.7,91.86,22.62,57.6,35.4,993.8,82.0,30.1
360,2020-08-26,12.9,11.6,91.73,6.09,51.3,18.8,1008.9,81.5,30.1
361,2020-08-27,12.6,11.8,95.32,14.51,0.0,14.9,1010.3,80.0,20.2
362,2020-08-28,11.3,8.6,83.92,11.34,53.6,30.3,1008.1,72.4,42.6
363,2020-08-29,10.4,6.1,75.79,0.37,50.0,22.2,1015.0,68.4,60.0
364,2020-08-30,10.7,6.5,76.37,0.0,0.0,10.9,1020.5,86.5,59.0
365,2020-08-31,11.2,7.7,79.63,0.0,0.0,17.9,1020.8,70.9,54.0
366,2020-09-01,12.0,9.7,85.7,0.0,0.0,28.0,1018.4,79.1,40.2
367,2020-09-02,14.0,12.7,91.56,15.14,54.9,41.3,1010.3,84.9,26.0
368,2020-09-03,13.8,11.7,87.05,7.85,57.6,35.2,1007.8,57.9,29.4
369,2020-09-04,12.3,9.2,81.59,2.77,57.6,33.7,1013.5,52.7,24.9
370,2020-09-05,11.6,8.8,83.37,3.51,37.1,23.9,1016.4,69.3,27.4
371,2020-09-06,12.7,9.6,82.61,4.58,0.0,17.0,1018.6,63.0,40.7
372,2020-09-07,13.6,12.6,93.51,8.96,55.4,31.9,1016.3,87.8,30.0
373,2020-09-08,15.9,14.5,91.7,2.86,57.5,35.9,1017.6,84.0,37.0
374,2020-09-09,12.7,9.3,79.91,2.72,61.2,32.0,1020.5,60.1,27.9
375,2020-09-10,10.4,7.4,82.2,0.0,46.4,24.5,1020.8,73.6,23.1
376,2020-09-11,12.4,10.2,86.85,11.59,60.0,36.8,1008.3,77.7,23.4
377,2020-09-12,12.0,9.2,83.47,4.36,67.5,40.0,1011.1,73.8,14.7
378,2020-09-13,15.7,13.6,87.51,15.04,65.5,40.6,1013.5,76.0,21.2
379,2020-09-14,15.6,13.4,87.24,0.0,0.0,24.8,1019.4,78.3,30.1
380,2020-09-15,16.1,13.6,85.78,3.09,0.0,9.0,1019.2,68.7,28.0
381,2020-09-16,12.5,10.4,87.31,0.2,53.6,23.3,1028.0,73.8,28.6
382,2020-09-17,12.6,9.4,81.64,0.2,0.0,10.6,1030.6,23.2,30.6
383,2020-09-18,12.1,8.0,77.94,0.0,0.0,16.6,1028.0,1.8,39.3
384,2020-09-19,10.9,7.3,79.94,0.2,0.0,20.8,1025.6,7.1,50.3
385,2020-09-20,11.8,9.7,87.31,0.2,0.0,11.7,1023.4,46.1,44.3
386,2020-09-21,11.4,9.2,87.15,0.2,0.0,23.1,1016.3,62.2,23.2
387,2020-09-22,12.5,10.6,88.44,2.52,57.0,37.1,1003.8,90.0,25.4
388,2020-09-23,8.3,5.4,83.04,1.56,0.0,18.5,1000.0,53.4,60.7
389,2020-09-24,6.2,3.9,85.89,1.88,0.0,22.0,995.5,48.7,46.3
390,2020-09-25,7.1,3.1,77.18,0.24,50.0,24.7,1009.0,42.3,56.5
391,2020-09-26,7.2,2.3,72.39,0.0,55.4,22.1,1017.2,13.3,49.8
392,2020-09-27,6.0,2.4,79.25,0.0,0.0,10.5,1017.2,11.6,35.8
393,2020-09-28,9.3,8.0,91.2,1.82,0.0,20.4,1011.8,70.6,30.4
394,2020-09-29,8.8,6.6,87.1,0.4,0.0,18.7,1014.3,25.7,31.3
395,2020-09-30,10.6,9.2,91.17,12.91,60.5,33.5,999.5,79.4,25.6
396,2020-10-01,8.5,5.3,80.72,5.27,0.0,17.4,995.4,48.4,38.9
397,2020-10-02,6.9,4.4,85.24,0.2,0.0,13.8,999.2,18.0,37.8
398,2020-10-03,7.6,7.2,96.77,19.36,50.0,18.4,995.1,82.8,12.1
399,2020-10-04,11.9,10.1,89.43,18.08,0.0,20.0,984.3,70.7,36.0
400,2020-10-05,10.9,9.6,91.64,6.16,0.0,13.6,991.4,69.8,30.5
401,2020-10-06,10.8,9.1,89.53,2.81,0.0,21.6,992.9,74.9,34.5
402,2020-10-07,10.3,7.4,82.28,1.55,50.0,26.9,1006.4,62.5,32.4
403,2020-10-08,8.2,6.0,86.43,6.75,48.2,20.7,1010.0,67.8,35.4
404,2020-10-09,7.4,4.9,84.35,9.07,56.4,33.8,1012.9,54.8,39.7
405,2020-10-10,9.4,6.9,84.64,6.8,40.7,25.1,1019.5,68.8,47.3
406,2020-10-11,8.4,5.6,83.35,0.4,0.0,16.9,1026.4,45.9,61.3
407,2020-10-12,9.0,7.4,89.58,4.6,46.4,23.0,1015.4,74.2,34.2
408,2020-10-13,7.5,5.4,87.03,2.03,55.4,30.6,1016.1,57.0,45.3
409,2020-10-14,10.1,7.9,86.72,1.95,51.8,22.3,1027.9,73.8,43.3
410,2020-10-15,7.1,4.5,84.38,0.8,0.0,14.4,1030.5,70.4,48.4
411,2020-10-16,7.6,5.3,85.92,0.6,0.0,13.0,1029.0,77.4,47.2
412,2020-10-17,8.2,6.4,88.53,0.6,0.0,15.2,1026.2,93.0,45.9
413,2020-10-18,8.1,6.5,89.39,1.08,0.0,16.1,1022.3,90.5,43.7
414,2020-10-19,10.5,9.4,92.9,12.2,53.6,32.9,1007.7,86.6,8.6
415,2020-10-20,11.3,9.6,89.34,13.07,51.7,33.6,993.6,77.4,21.3
416,2020-10-21,11.4,9.9,90.1,3.11,0.0,26.9,991.4,76.5,25.3
417,2020-10-22,9.0,7.6,91.02,3.43,0.0,20.1,1000.1,87.1,41.7
418,2020-10-23,8.0,5.3,83.15,4.95,48.2,23.3,1001.2,60.9,31.7
419,2020-10-24,8.8,6.5,85.52,8.9,73.7,46.2,989.6,62.4,22.1
420,2020-10-25,8.1,5.2,81.99,10.17,62.5,38.3,984.5,53.5,34.4
421,2020-10-26,8.7,6.9,88.62,11.44,59.4,30.9,988.1,63.8,25.8
422,2020-10-27,7.6,6.0,89.46,8.09,51.8,26.8,988.8,67.6,26.4
423,2020-10-28,7.7,5.1,83.68,2.08,59.1,32.1,991.1,66.0,26.9
424,2020-10-29,10.0,8.8,92.07,11.8,63.1,42.4,999.0,73.9,18.1
425,2020-10-30,9.3,6.6,83.67,2.49,65.0,42.4,1008.0,50.2,34.6
426,2020-10-31,9.9,7.2,83.77,10.81,84.1,54.4,997.1,79.3,24.4
427,2020-11-01,9.0,7.0,87.45,14.59,63.0,44.0,987.0,75.1,12.7
428,2020-11-02,7.7,6.1,89.45,11.16,51.9,28.3,992.9,71.9,29.2
429,2020-11-03,5.6,3.7,87.46,12.14,68.4,36.6,1013.2,55.7,39.2
430,2020-11-04,7.4,5.1,85.39,1.0,40.7,22.4,1031.4,59.6,39.5
431,2020-11-05,9.9,8.8,92.81,0.4,50.0,22.9,1035.7,88.9,24.0
432,2020-11-06,7.4,6.3,93.07,0.44,0.0,13.3,1028.8,61.8,18.9
433,2020-11-07,4.5,2.5,86.88,0.0,0.0,13.6,1020.5,40.1,24.6
434,2020-11-08,8.0,7.2,94.28,3.58,0.0,14.8,1017.2,84.8,8.6
435,2020-11-09,10.5,9.6,94.28,2.43,0.0,11.4,1017.3,74.2,14.2
436,2020-11-10,10.3,9.3,93.1,0.85,0.0,24.4,1018.3,76.8,25.2
437,2020-11-11,11.0,9.1,88.38,5.11,65.0,42.9,1006.4,82.3,35.2
438,2020-11-12,9.7,7.4,85.47,4.47,66.6,40.8,1002.3,65.8,42.2
439,2020-11-13,8.3,5.7,84.05,9.55,58.4,40.0,1001.1,64.8,30.1
440,2020-11-14,9.5,8.0,90.23,5.84,79.6,47.7,995.1,79.2,27.5
441,2020-11-15,9.0,7.6,90.92,11.81,71.2,37.5,983.8,74.2,34.4
442,2020-11-16,9.4,7.5,87.87,4.45,57.6,37.1,1000.7,75.3,27.3
443,2020-11-17,12.9,11.5,90.84,8.02,63.3,41.0,1006.4,87.2,39.0
444,2020-11-18,10.1,8.2,88.48,6.05,73.5,47.0,1002.1,72.1,26.0
445,2020-11-19,4.5,1.3,80.2,4.79,0.0,19.5,1024.3,60.4,51.3
446,2020-11-20,8.2,7.2,93.77,5.04,60.0,36.4,1022.2,87.3,26.3
447,2020-11-21,8.3,6.4,88.1,12.63,63.0,34.0,1016.0,67.2,19.9
448,2020-11-22,5.9,3.7,85.87,5.61,61.2,29.2,1021.0,40.2,31.0
449,2020-11-23,8.0,6.5,90.04,4.11,65.4,39.4,1016.4,72.6,31.4
450,2020-11-24,9.6,8.6,93.98,22.72,68.4,45.0,1005.1,84.7,13.0
451,2020-11-25,6.1,5.0,92.42,4.36,0.0,16.6,1010.2,63.0,29.3
452,2020-11-26,4.5,3.4,92.84,0.8,0.0,14.0,1019.9,72.1,35.2
453,2020-11-27,5.0,2.4,83.29,1.49,0.0,12.3,1018.7,86.5,45.5
454,2020-11-28,3.8,1.7,86.56,1.4,0.0,13.5,1020.5,47.6,27.0
455,2020-11-29,4.4,4.0,97.0,0.4,0.0,15.9,1025.2,73.6,7.2
456,2020-11-30,6.7,4.7,87.45,2.6,66.6,32.7,1020.4,48.7,28.3
457,2020-12-01,4.3,3.1,91.57,0.2,0.0,13.3,1026.3,73.9,28.3
458,2020-12-02,6.0,4.2,88.49,2.09,61.2,29.6,1012.2,64.6,25.2
459,2020-12-03,1.8,0.6,91.98,9.53,55.4,27.7,987.8,58.1,35.2
460,2020-12-04,2.6,1.4,91.81,14.59,61.2,34.2,980.4,78.2,29.5
461,2020-12-05,3.4,2.3,92.46,8.27,55.4,26.2,997.0,45.6,44.3
462,2020-12-06,1.0,0.4,95.64,0.4,0.0,8.7,1003.8,49.7,24.5
463,2020-12-07,1.0,0.1,93.88,0.2,40.7,21.9,999.7,60.5,29.5
464,2020-12-08,5.6,4.2,90.59,3.42,51.8,25.0,996.5,81.3,39.3
465,2020-12-09,5.2,3.5,89.01,3.0,0.0,17.7,1001.3,82.7,37.4
466,2020-12-10,5.6,4.3,91.45,3.03,50.0,31.0,993.6,91.6,28.3
467,2020-12-11,6.5,5.7,94.69,4.27,0.0,29.2,984.1,87.9,26.7
468,2020-12-12,5.6,5.0,96.18,6.71,0.0,13.1,997.5,64.4,22.0
469,2020-12-13,6.2,5.0,92.4,10.48,53.6,37.7,992.3,81.3,26.5
470,2020-12-14,8.0,6.4,89.89,9.83,68.4,32.4,986.6,59.5,23.4
471,2020-12-15,6.6,5.2,90.67,13.82,40.7,24.5,996.8,43.3,33.6
472,2020-12-16,7.5,5.9,89.4,10.68,64.8,42.1,996.7,76.8,27.9
473,2020-12-17,7.7,6.2,90.49,6.86,55.8,38.4,1002.4,74.6,31.7
474,2020-12-18,10.2,9.3,93.9,21.59,61.2,42.3,995.9,78.7,26.0
475,2020-12-19,7.6,5.8,88.28,16.82,59.4,36.4,992.0,58.1,31.9
476,2020-12-20,6.2,4.0,85.77,2.93,54.6,33.1,1001.1,54.4,33.5
477,2020-12-21,5.3,3.9,90.81,3.23,50.0,26.4,1001.8,70.8,27.3
478,2020-12-22,3.8,2.5,91.24,1.77,0.0,15.2,1009.0,45.6,40.4
479,2020-12-23,2.7,1.4,91.04,4.82,64.8,19.6,1014.1,61.7,44.1
480,2020-12-24,0.7,-2.8,77.81,0.2,48.2,20.3,1028.7,23.7,56.2
481,2020-12-25,2.3,0.8,89.75,0.2,57.6,33.3,1028.1,70.5,41.7
482,2020-12-26,6.2,4.4,88.38,7.52,88.0,53.4,999.1,82.4,14.9
483,2020-12-27,2.2,0.8,90.71,12.57,74.2,30.6,966.2,56.7,32.2
484,2020-12-28,-0.1,-0.9,94.27,6.56,0.0,16.8,976.2,66.0,28.5
485,2020-12-29,0.5,-0.7,91.22,50.6,0.0,10.6,993.4,45.3,42.9
486,2020-12-30,-0.2,-2.0,87.93,50.2,0.0,15.4,1001.2,36.4,46.8
487,2020-12-31,0.4,-0.5,93.31,39.43,0.0,12.1,1006.2,59.7,35.9
488,2021-01-01,0.5,-1.5,86.63,4.6,0.0,12.1,1015.4,7.3,56.6
489,2021-01-02,-1.7,-3.6,87.18,40.0,37.1,10.6,1019.8,15.8,50.2
490,2021-01-03,-0.8,-2.2,90.36,50.4,0.0,14.3,1025.9,34.2,43.2
491,2021-01-04,0.9,-0.2,92.28,51.82,0.0,16.2,1030.3,57.4,35.7
492,2021-01-05,0.6,-0.7,90.97,61.2,0.0,14.1,1029.7,65.5,40.3
493,2021-01-06,-1.7,-2.7,92.71,0.4,0.0,8.8,1024.8,27.2,25.9
494,2021-01-07,-0.5,-1.0,96.29,42.98,0.0,10.2,1017.8,67.9,13.4
495,2021-01-08,-2.9,-5.0,85.74,0.2,0.0,15.4,1023.1,22.4,39.4
496,2021-01-09,-1.5,-3.3,87.74,80.24,0.0,23.2,1024.1,48.2,40.7
497,2021-01-10,4.9,4.5,96.72,2.72,55.4,28.5,1019.7,85.8,22.3
498,2021-01-11,6.8,6.0,94.38,1.77,64.8,40.2,1007.2,83.8,15.2
499,2021-01-12,0.1,-1.5,89.36,7.11,0.0,12.8,1015.0,26.1,45.7
500,2021-01-13,1.0,0.2,94.97,9.92,0.0,10.6,1016.4,89.4,19.3
501,2021-01-14,1.2,1.0,98.3,18.65,0.0,10.7,1019.4,86.3,14.0
502,2021-01-15,1.3,0.3,92.92,0.4,51.8,31.6,1026.0,83.1,23.8
503,2021-01-16,5.0,3.3,89.34,11.9,59.4,40.8,1010.3,68.0,18.0
504,2021-01-17,4.9,3.2,89.02,2.21,63.0,34.8,1018.7,52.5,24.2
505,2021-01-18,5.4,4.1,91.52,6.68,61.2,35.2,1011.6,76.9,23.8
506,2021-01-19,3.5,3.2,97.65,10.52,0.0,12.4,994.3,84.4,16.3
507,2021-01-20,1.4,1.0,97.04,8.9,0.0,10.8,979.3,80.1,18.8
508,2021-01-21,2.4,0.4,86.63,14.01,56.8,30.4,974.9,59.4,40.9
509,2021-01-22,2.0,-0.2,85.19,6.46,55.4,28.0,986.8,35.2,46.1
510,2021-01-23,-0.7,-2.1,90.55,53.8,0.0,13.8,993.4,26.9,49.2
511,2021-01-24,-1.1,-2.7,89.22,0.82,0.0,12.4,998.0,25.6,45.1
512,2021-01-25,2.4,0.5,86.83,26.23,50.0,23.6,1006.6,37.9,41.8
513,2021-01-26,2.3,1.3,93.47,9.9,0.0,21.3,1009.2,79.0,24.1
514,2021-01-27,4.5,4.1,97.03,8.81,0.0,22.7,1008.4,82.9,12.2
515,2021-01-28,3.0,2.4,95.86,15.04,0.0,23.9,997.9,90.3,17.9
516,2021-01-29,3.2,2.5,94.75,13.56,0.0,21.8,997.2,80.6,29.5
517,2021-01-30,1.3,-1.1,83.93,0.37,38.9,25.8,1004.9,22.8,55.1
518,2021-01-31,0.2,-2.4,82.8,0.2,0.0,17.7,1001.0,66.3,53.9
519,2021-02-01,1.0,-1.2,85.4,10.0,0.0,20.9,998.5,80.7,50.5
520,2021-02-02,1.5,0.2,90.9,4.79,68.1,32.8,992.8,87.2,23.6
521,2021-02-03,1.7,0.8,93.93,19.16,56.4,35.6,995.2,88.2,14.9
522,2021-02-04,3.1,2.0,92.31,28.48,53.6,30.1,1004.8,88.0,26.5
523,2021-02-05,3.6,2.4,91.68,8.61,51.8,29.6,1007.8,87.3,34.9
524,2021-02-06,2.8,1.1,88.4,3.21,46.4,29.8,1013.8,80.2,45.5
525,2021-02-07,0.4,-3.2,76.84,0.46,70.6,27.5,1016.3,87.8,31.9
526,2021-02-08,-1.1,-4.4,78.42,0.4,51.8,29.3,1014.3,37.5,44.9
527,2021-02-09,-1.7,-3.8,85.77,10.2,0.0,21.6,1014.4,46.4,39.0
528,2021-02-10,-2.6,-5.2,83.11,15.59,0.0,22.6,1020.0,32.2,26.1
529,2021-02-11,-2.1,-6.0,75.8,0.0,51.8,31.1,1027.9,47.0,10.9
530,2021-02-12,0.1,-6.3,62.89,0.0,44.6,31.1,,25.0,10.0
531,2021-02-13,-1.5,-7.6,63.32,0.0,58.8,38.0,1024.5,80.2,27.1
532,2021-02-14,3.5,1.1,85.15,15.53,70.6,44.2,1011.2,86.6,22.5
533,2021-02-15,6.8,5.9,93.97,3.17,55.4,33.4,1009.1,78.2,14.4
534,2021-02-16,7.1,5.2,87.58,6.69,62.5,37.3,999.0,60.2,24.0
535,2021-02-17,6.4,4.1,85.5,5.45,62.4,39.0,997.4,54.2,23.3
536,2021-02-18,5.8,4.2,89.45,10.1,90.7,51.5,990.8,68.6,26.7
537,2021-02-19,7.7,6.1,89.65,8.8,76.0,47.7,994.2,82.3,14.8
538,2021-02-20,9.6,8.0,89.9,8.41,69.5,49.5,987.1,78.9,11.8
539,2021-02-21,7.8,4.6,80.48,1.73,55.4,34.8,1002.6,46.6,22.1
540,2021-02-22,6.5,3.5,82.22,0.71,55.4,29.7,1011.1,41.5,33.1
541,2021-02-23,8.3,6.2,87.13,14.75,98.3,61.4,1006.3,85.2,21.7
542,2021-02-24,8.4,6.7,89.18,12.12,64.8,41.2,1009.6,82.8,25.5
543,2021-02-25,5.9,3.4,84.26,1.5,50.0,32.4,1021.7,36.7,23.5
544,2021-02-26,5.2,3.1,86.66,0.2,0.0,24.1,1033.8,32.1,34.7
545,2021-02-27,6.8,5.3,89.88,0.2,0.0,16.4,1039.3,74.9,29.6
546,2021-02-28,5.6,3.8,88.31,0.2,0.0,12.2,1037.9,64.4,34.8
547,2021-03-01,3.9,1.7,86.49,0.4,0.0,11.6,1033.5,22.2,22.3
548,2021-03-02,2.3,1.3,92.95,0.2,0.0,14.1,1031.0,49.9,6.8
549,2021-03-03,1.3,0.3,93.26,0.4,0.0,15.8,1029.2,85.6,13.3
550,2021-03-04,2.8,0.3,84.28,1.28,46.4,23.7,1029.9,87.4,33.8
551,2021-03-05,2.0,-2.7,71.17,0.0,0.0,9.9,1035.1,92.0,56.0
552,2021-03-06,2.5,-1.6,74.58,0.0,0.0,16.5,1033.7,94.6,38.6
553,2021-03-07,4.7,1.9,82.57,0.2,0.0,16.6,1026.3,75.8,19.6
554,2021-03-08,6.7,5.6,92.78,3.47,0.0,22.7,1020.2,88.5,16.7
555,2021-03-09,6.8,5.7,92.5,2.31,75.4,54.4,1011.8,85.7,17.9
556,2021-03-10,6.9,5.2,88.97,22.71,79.2,49.4,989.3,79.7,16.2
557,2021-03-11,5.3,3.1,85.57,13.18,76.0,42.4,981.8,56.7,26.0
558,2021-03-12,4.2,2.0,85.56,9.45,63.0,37.8,988.8,68.5,33.8
559,2021-03-13,4.0,2.3,88.82,12.23,53.6,29.6,988.0,64.3,41.7
560,2021-03-14,5.3,3.5,88.09,3.61,53.6,26.0,1007.8,57.9,37.1
561,2021-03-15,6.8,4.5,85.88,0.4,0.0,17.7,1020.2,67.2,39.5
562,2021-03-16,9.0,5.8,81.9,1.39,53.6,25.1,1028.4,38.7,24.6
563,2021-03-17,7.6,3.9,78.58,0.0,48.2,19.1,1034.9,47.4,21.6
564,2021-03-18,8.7,6.5,87.1,0.0,48.2,20.1,1031.8,36.9,44.1
565,2021-03-19,7.6,5.6,87.59,0.2,0.0,12.0,1031.9,39.8,37.2
566,2021-03-20,7.7,6.0,89.52,0.2,0.0,27.6,1031.1,77.8,40.4
567,2021-03-21,5.6,3.1,84.61,0.4,0.0,19.5,1029.3,34.5,43.0
568,2021-03-22,6.9,4.3,83.91,0.0,0.0,26.4,1024.0,95.0,51.5
569,2021-03-23,7.4,4.6,82.43,0.2,62.5,42.3,1015.7,90.1,36.5
570,2021-03-24,6.7,3.7,81.81,2.96,68.4,37.8,1013.0,53.4,30.3
571,2021-03-25,7.2,5.6,89.59,4.13,54.9,35.8,1008.3,79.5,26.4
572,2021-03-26,5.5,2.7,82.63,7.93,63.0,39.4,998.4,60.7,31.4
573,2021-03-27,5.1,2.4,82.72,1.7,74.8,46.0,1009.3,62.9,26.8
574,2021-03-28,9.0,7.7,91.87,20.15,73.0,46.1,1005.3,81.3,19.5
575,2021-03-29,11.4,10.1,91.95,15.37,66.6,42.8,1013.0,86.1,23.6
576,2021-03-30,10.1,7.8,85.68,0.8,51.8,32.7,1022.5,66.3,32.5
577,2021-03-31,8.0,5.6,85.08,0.6,55.4,29.2,1020.6,54.1,29.8
578,2021-04-01,5.6,1.9,77.47,0.0,55.4,26.7,1029.6,49.5,45.1
579,2021-04-02,4.5,0.3,76.09,0.2,0.0,15.0,1034.3,17.4,38.1
580,2021-04-03,5.8,2.2,79.39,0.0,0.0,12.6,1034.9,3.9,23.7
581,2021-04-04,5.5,3.3,86.38,0.2,56.1,38.4,1023.5,68.9,20.6
582,2021-04-05,2.2,-4.8,60.78,0.62,57.6,34.6,1020.8,31.7,51.4
583,2021-04-06,1.5,-5.4,61.51,0.0,55.4,31.8,1022.0,28.3,54.3
584,2021-04-07,2.3,-3.9,64.41,0.2,0.0,20.2,1022.2,68.3,55.3
585,2021-04-08,5.9,4.0,88.03,4.77,63.0,42.0,1011.9,75.2,23.6
586,2021-04-09,3.6,-2.2,67.62,1.63,53.6,26.1,1012.0,15.0,50.1
587,2021-04-10,1.3,-3.4,72.96,0.0,0.0,15.4,1017.2,19.5,56.2
588,2021-04-11,1.3,-2.5,77.73,1.21,0.0,18.0,1021.3,35.0,44.3
589,2021-04-12,1.8,-3.2,72.11,0.4,33.5,16.6,1028.0,10.2,54.5
590,2021-04-13,4.7,1.5,80.63,1.01,0.0,12.8,1031.9,74.5,47.9
591,2021-04-14,5.6,2.5,82.46,1.91,0.0,11.8,1034.0,35.2,31.3
592,2021-04-15,6.2,1.2,72.27,0.0,0.0,14.1,1033.8,22.9,37.7
593,2021-04-16,5.9,-0.3,66.67,0.0,0.0,18.5,1030.8,7.0,36.0
594,2021-04-17,6.3,-0.2,65.29,0.2,0.0,18.8,1028.7,13.8,35.3
595,2021-04-18,7.3,2.9,73.95,1.4,0.0,21.5,1024.5,85.7,27.7
596,2021-04-19,9.2,3.6,69.06,0.0,0.0,18.9,1020.7,63.0,24.6
597,2021-04-20,8.6,4.2,74.22,0.8,0.0,15.3,1019.2,87.1,31.4
598,2021-04-21,8.3,1.2,63.1,0.0,0.0,22.6,1023.9,31.9,45.8
599,2021-04-22,7.4,0.5,63.62,0.0,0.0,13.9,1027.0,4.6,35.7
600,2021-04-23,9.0,-0.8,53.65,0.0,0.0,14.4,1028.2,19.5,46.0
601,2021-04-24,9.9,3.9,67.9,0.0,0.0,18.7,1029.6,28.9,29.1
602,2021-04-25,7.6,2.4,71.35,0.0,0.0,11.1,1030.9,8.4,36.5
603,2021-04-26,7.3,3.7,78.32,0.2,0.0,28.1,1021.2,54.4,27.0
604,2021-04-27,7.1,4.9,86.24,3.48,51.8,29.7,1011.7,69.9,40.2
605,2021-04-28,5.7,0.6,71.71,1.46,0.0,24.4,1014.7,54.2,43.8
606,2021-04-29,5.2,0.2,72.12,2.3,0.0,16.3,1014.8,73.2,52.0
607,2021-04-30,5.5,0.1,70.12,1.15,0.0,16.4,1017.5,69.3,47.3
608,2021-05-01,5.6,1.0,73.36,1.63,0.0,17.0,1018.2,80.1,54.8
609,2021-05-02,5.7,1.0,73.27,1.0,0.0,18.8,1018.5,69.2,53.6
610,2021-05-03,4.5,2.3,85.69,15.58,56.4,31.4,1002.5,81.2,39.2
611,2021-05-04,5.3,1.9,79.32,8.56,63.0,27.5,998.2,74.8,44.1
612,2021-05-05,4.1,-0.9,71.5,3.29,37.1,22.5,1007.5,32.9,55.6
613,2021-05-06,4.0,0.8,80.05,6.66,53.6,25.7,1006.2,58.1,45.8
614,2021-05-07,5.8,1.2,74.52,1.61,0.0,18.4,1013.0,57.3,49.0
615,2021-05-08,5.6,3.3,84.97,4.2,57.6,27.3,999.5,80.9,40.6
616,2021-05-09,10.5,7.5,82.27,2.1,57.6,38.0,989.7,70.0,19.2
617,2021-05-10,10.4,7.3,81.54,6.85,55.4,29.4,991.6,72.0,31.4
618,2021-05-11,10.2,5.9,76.28,6.51,63.0,30.5,1002.9,71.2,24.8
619,2021-05-12,8.7,5.7,82.35,11.32,0.0,13.2,1006.4,64.2,47.0
620,2021-05-13,8.9,6.2,83.67,1.0,0.0,21.5,1010.2,72.8,27.8
621,2021-05-14,8.5,5.2,80.38,0.2,0.0,17.0,1009.6,87.3,30.7
622,2021-05-15,9.5,5.5,77.0,3.22,0.0,14.1,1000.3,85.3,27.9
623,2021-05-16,9.4,5.6,78.12,0.9,0.0,15.3,997.4,68.4,31.7
624,2021-05-17,8.8,5.3,79.57,2.48,0.0,19.8,1004.3,62.0,38.5
625,2021-05-18,9.0,4.8,76.19,0.4,0.0,20.8,1010.5,45.6,51.1
626,2021-05-19,9.1,4.8,75.79,0.4,0.0,22.0,1016.2,35.3,53.8
627,2021-05-20,8.8,6.0,82.6,5.93,61.2,29.8,1004.9,79.0,43.2
628,2021-05-21,8.9,6.3,84.37,11.08,66.6,32.3,990.6,86.4,36.4
629,2021-05-22,7.6,1.5,66.83,0.72,0.0,22.0,1002.3,62.9,60.6
630,2021-05-23,7.3,4.5,82.7,8.63,63.0,37.5,999.9,70.9,45.2
631,2021-05-24,7.7,4.8,82.58,4.29,48.2,32.7,999.0,63.7,40.1
632,2021-05-25,9.1,6.0,81.22,4.58,38.9,21.4,1010.9,71.1,45.2
633,2021-05-26,9.2,6.5,83.52,7.48,0.0,17.5,1015.8,74.4,37.0
634,2021-05-27,10.5,6.8,79.18,1.49,0.0,14.6,1018.9,50.6,39.7
635,2021-05-28,10.8,7.8,82.06,4.78,0.0,12.9,1022.7,82.5,48.8
636,2021-05-29,13.8,9.9,77.7,0.0,0.0,12.8,1027.0,86.8,39.6
637,2021-05-30,14.9,10.0,74.37,0.0,0.0,14.8,1027.6,16.0,26.9
638,2021-05-31,14.8,6.9,61.29,0.0,0.0,22.3,1020.6,1.0,41.8
639,2021-06-01,16.6,9.9,65.99,0.0,0.0,15.3,1015.7,34.9,30.9
640,2021-06-02,16.1,9.0,64.61,0.0,53.6,27.1,1015.4,29.0,33.1
641,2021-06-03,12.9,9.3,78.96,3.16,38.9,24.8,1017.1,79.7,27.7
642,2021-06-04,12.5,7.7,73.27,0.0,37.1,23.9,1021.6,52.8,43.3
643,2021-06-05,12.5,8.8,78.57,0.0,0.0,24.2,1022.9,65.3,43.9
644,2021-06-06,13.0,7.6,71.64,0.2,0.0,15.1,1024.6,50.0,53.2
645,2021-06-07,13.3,7.7,70.58,0.0,0.0,23.7,1021.8,59.4,48.5
646,2021-06-08,13.8,10.4,79.88,1.2,0.0,27.6,1019.9,82.8,36.0
647,2021-06-09,14.3,12.1,86.41,4.55,51.8,31.4,1016.4,83.9,33.3
648,2021-06-10,15.0,13.0,87.88,1.8,55.4,37.4,1013.7,66.8,25.9
649,2021-06-11,14.0,10.3,78.93,4.48,55.4,30.6,1013.9,76.8,33.2
650,2021-06-12,12.8,7.9,72.54,0.0,46.4,27.8,1022.1,73.3,38.6
651,2021-06-13,15.9,12.9,82.81,1.25,51.8,29.8,1022.8,78.0,33.9
652,2021-06-14,12.0,8.6,80.53,7.49,55.4,29.0,1019.5,76.7,30.2
653,2021-06-15,12.5,8.0,74.99,0.0,53.6,33.6,1018.4,79.7,28.8
654,2021-06-16,13.2,10.4,83.92,6.3,55.4,29.9,1009.0,76.2,23.7
655,2021-06-17,13.5,8.4,73.01,0.2,0.0,18.4,1012.6,38.4,38.5
656,2021-06-18,12.0,6.7,71.5,0.0,0.0,18.9,1018.3,31.1,44.5
657,2021-06-19,13.4,9.4,77.14,0.64,0.0,15.9,1014.0,82.1,39.7
658,2021-06-20,13.6,9.7,78.31,1.0,0.0,13.4,1012.0,90.0,38.8
659,2021-06-21,12.6,7.2,71.04,0.4,0.0,17.8,1017.4,75.5,38.3
660,2021-06-22,11.7,5.9,69.29,0.0,0.0,21.8,1022.8,29.7,27.4
661,2021-06-23,12.7,11.1,89.78,1.09,0.0,17.3,1022.9,94.2,28.4
662,2021-06-24,13.6,12.1,91.02,4.7,0.0,22.9,1019.8,84.2,22.9
663,2021-06-25,11.3,7.5,78.45,8.03,50.0,19.7,1019.5,86.6,48.0
664,2021-06-26,12.0,8.8,80.89,0.2,0.0,19.4,1022.5,85.6,47.1
665,2021-06-27,14.5,10.5,77.62,0.0,0.0,11.9,1020.5,76.8,37.7
666,2021-06-28,15.2,10.4,74.26,0.0,0.0,12.3,1017.7,60.5,41.8
667,2021-06-29,16.3,11.5,74.22,0.0,0.0,15.4,1017.6,36.1,29.4
668,2021-06-30,14.1,10.8,81.69,0.0,0.0,15.0,1018.5,50.9,24.4
669,2021-07-01,14.9,8.5,67.54,0.0,0.0,13.0,1018.0,42.0,35.3
670,2021-07-02,14.7,11.3,80.82,7.32,0.0,15.4,1015.1,73.2,20.5
671,2021-07-03,15.4,13.0,85.45,6.02,0.0,15.0,1010.1,81.0,20.1
672,2021-07-04,16.2,13.7,85.43,7.84,0.0,16.3,1004.5,76.3,32.4
673,2021-07-05,14.1,11.9,87.01,13.5,0.0,21.7,1000.0,72.3,30.1
674,2021-07-06,13.1,9.4,79.06,1.4,0.0,15.2,996.9,77.1,38.7
675,2021-07-07,15.2,11.2,78.06,0.0,0.0,20.9,1006.7,51.9,38.5
676,2021-07-08,14.4,11.5,82.9,0.0,0.0,14.2,1017.8,81.2,34.9
677,2021-07-09,15.3,12.7,84.64,2.0,0.0,11.5,1020.1,89.7,23.6
678,2021-07-10,15.9,12.3,80.41,0.0,0.0,14.0,1015.9,79.6,28.1
679,2021-07-11,16.2,13.0,81.54,1.8,0.0,14.0,1013.0,84.0,33.6
680,2021-07-12,16.7,14.0,84.57,8.44,0.0,14.0,1013.0,78.5,22.8
681,2021-07-13,16.2,12.6,80.49,1.0,0.0,17.9,1016.9,59.2,31.3
682,2021-07-14,15.6,11.8,79.12,0.0,0.0,19.9,1019.5,54.6,41.5
683,2021-07-15,17.1,11.9,72.54,0.0,0.0,19.7,1024.0,24.1,36.4
684,2021-07-16,17.7,13.8,78.9,0.0,0.0,18.2,1028.2,30.9,39.3
685,2021-07-17,18.6,13.7,74.81,0.0,48.2,23.1,1028.8,8.5,42.3
686,2021-07-18,16.9,12.7,76.67,0.0,0.0,16.1,1025.8,58.9,55.7
687,2021-07-19,17.5,11.5,69.92,0.0,0.0,14.3,1022.0,38.9,52.9
688,2021-07-20,17.9,13.2,75.49,0.0,0.0,15.0,1020.6,7.2,43.0
689,2021-07-21,19.7,14.7,75.67,0.0,0.0,12.5,1023.2,20.5,23.1
690,2021-07-22,20.3,15.3,74.61,0.0,0.0,12.1,1023.0,7.3,23.7
691,2021-07-23,19.5,14.9,76.74,0.0,0.0,15.6,1018.3,29.0,22.0
692,2021-07-24,17.1,12.4,76.32,0.0,0.0,16.5,1012.7,19.8,27.1
693,2021-07-25,16.3,11.6,75.65,0.2,27.7,18.1,1010.8,23.1,23.6
694,2021-07-26,16.3,12.6,79.62,0.0,0.0,20.8,1008.8,59.1,24.7
695,2021-07-27,15.8,12.5,81.55,0.0,0.0,15.0,1006.7,89.8,29.7
696,2021-07-28,14.4,11.2,81.93,8.16,0.0,21.6,1001.1,71.8,34.2
697,2021-07-29,14.7,11.7,82.65,2.65,0.0,24.1,1002.7,86.8,40.6
698,2021-07-30,14.8,11.7,82.54,1.91,0.0,12.9,1004.5,89.6,42.6
699,2021-07-31,14.6,11.5,81.97,2.54,0.0,16.4,1006.9,78.7,39.4
700,2021-08-01,13.8,8.3,71.28,1.0,0.0,15.0,1012.4,66.2,50.3
701,2021-08-02,12.6,7.7,73.45,0.0,0.0,17.0,1014.0,30.1,45.0
702,2021-08-03,13.4,10.4,82.32,2.54,0.0,13.6,1012.5,62.2,29.1
703,2021-08-04,15.2,10.2,74.35,0.0,42.5,24.2,1010.8,34.8,28.4
704,2021-08-05,15.8,11.4,75.63,5.09,48.2,29.5,1000.4,86.8,31.5
705,2021-08-06,15.7,13.8,89.16,16.27,46.4,19.2,990.9,79.7,30.4
706,2021-08-07,15.2,13.2,88.22,16.82,0.0,16.2,990.4,77.2,36.9
707,2021-08-08,15.0,13.6,91.97,8.43,0.0,19.9,996.5,79.1,21.7
708,2021-08-09,14.5,12.9,90.41,14.83,46.4,20.1,1005.7,76.6,31.3
709,2021-08-10,14.6,11.6,83.1,2.2,0.0,20.9,1012.3,64.8,28.7
710,2021-08-11,13.9,12.3,90.12,7.94,54.8,28.8,1012.2,75.3,23.4
711,2021-08-12,13.2,10.4,84.12,1.29,61.2,41.2,1011.9,46.5,25.2
712,2021-08-13,14.0,10.6,80.24,4.37,68.8,36.6,1012.1,63.0,23.4
713,2021-08-14,13.7,10.4,80.56,4.16,50.0,26.7,1015.1,55.2,23.4
714,2021-08-15,12.1,9.9,86.65,1.75,0.0,23.8,1011.5,64.4,23.4
715,2021-08-16,13.7,10.1,79.29,0.2,0.0,22.4,1015.5,78.0,24.0
716,2021-08-17,14.9,12.2,84.39,1.71,48.2,27.2,1016.7,79.8,34.8
717,2021-08-18,14.2,11.5,84.36,0.0,46.4,23.9,1014.7,85.5,41.2
718,2021-08-19,13.2,10.2,82.72,0.0,0.0,9.2,1011.7,82.4,32.2
719,2021-08-20,14.2,12.3,88.6,1.07,0.0,18.8,1013.0,78.8,29.3
720,2021-08-21,15.7,14.7,93.71,15.56,0.0,19.7,1013.0,85.7,21.1
721,2021-08-22,16.1,14.3,89.71,5.73,0.0,13.9,1019.6,86.5,29.8
722,2021-08-23,16.6,14.2,86.58,0.2,0.0,11.4,1029.7,52.3,21.5
723,2021-08-24,16.5,13.7,85.0,0.2,0.0,11.5,1032.0,23.2,18.0
724,2021-08-25,17.4,14.1,82.37,0.0,0.0,12.8,1027.9,14.4,21.8
725,2021-08-26,15.7,12.3,81.93,0.0,0.0,13.7,1025.1,44.1,23.0
726,2021-08-27,13.1,9.5,80.22,0.0,0.0,12.5,1026.4,39.3,21.5
727,2021-08-28,13.6,10.9,84.72,0.0,0.0,13.7,1028.1,17.2,16.9
728,2021-08-29,13.7,11.0,84.69,0.2,0.0,13.7,1028.9,78.0,21.0
729,2021-08-30,13.0,9.2,78.17,0.0,0.0,14.8,1031.1,96.8,40.0
730,2021-08-31,13.3,9.0,75.44,0.0,0.0,15.1,1034.5,95.0,44.3
731,2021-09-01,14.3,10.2,77.99,0.0,0.0,11.8,1035.1,31.0,30.3
732,2021-09-02,14.1,10.6,80.68,0.0,0.0,15.0,1032.2,50.0,18.2
733,2021-09-03,12.2,9.8,86.03,0.2,0.0,12.8,1025.6,79.3,20.3
734,2021-09-04,13.5,9.4,77.03,0.2,0.0,14.6,1020.7,92.5,29.2
735,2021-09-05,14.4,11.1,81.5,0.0,0.0,15.8,1020.6,62.4,14.7
736,2021-09-06,15.9,14.8,93.08,4.47,0.0,15.6,1021.7,90.1,6.8
737,2021-09-07,17.3,14.9,86.13,0.61,0.0,10.7,1020.3,56.1,15.4
738,2021-09-08,19.0,14.1,75.93,0.0,0.0,15.5,1013.0,31.2,21.6
739,2021-09-09,17.2,15.0,87.02,9.38,0.0,10.5,1006.5,80.6,11.8
740,2021-09-10,16.7,15.4,92.46,22.82,0.0,11.1,1007.3,81.2,19.3
741,2021-09-11,14.7,12.5,86.92,2.9,0.0,26.1,1012.7,71.3,36.4
742,2021-09-12,12.0,9.1,83.03,0.0,0.0,11.7,1019.4,82.2,49.6
743,2021-09-13,12.2,9.4,83.45,2.75,0.0,15.9,1018.3,82.3,39.6
744,2021-09-14,13.9,12.6,91.89,9.54,0.0,9.6,1014.5,87.4,18.8
745,2021-09-15,13.6,11.8,89.49,0.4,0.0,13.9,1014.6,64.7,20.7
746,2021-09-16,13.8,11.0,84.11,2.17,46.4,25.4,1014.6,66.3,29.7
747,2021-09-17,15.1,12.8,86.23,4.49,50.0,28.5,1009.9,87.9,31.4
748,2021-09-18,14.0,11.6,86.24,0.84,0.0,12.1,1012.7,72.7,27.5
749,2021-09-19,13.5,11.4,87.41,18.77,0.0,19.0,1013.2,49.3,31.4
750,2021-09-20,11.8,9.7,87.73,0.4,38.9,22.6,1023.3,42.7,27.3
751,2021-09-21,13.9,11.1,83.54,0.0,0.0,24.0,1027.7,52.6,21.0
752,2021-09-22,14.9,12.1,83.6,0.8,56.4,33.7,1021.4,85.2,28.2
753,2021-09-23,13.3,11.5,89.01,1.4,57.6,28.6,1015.4,84.9,20.5
754,2021-09-24,14.7,13.2,90.78,0.85,61.2,30.1,1010.1,84.0,23.3
755,2021-09-25,15.3,13.9,91.37,0.86,0.0,25.7,1010.7,86.7,32.8
756,2021-09-26,15.8,13.9,88.71,1.18,63.5,35.2,1004.4,79.3,30.9
757,2021-09-27,10.8,8.3,85.35,29.35,54.2,33.7,1001.9,53.2,29.7
758,2021-09-28,9.6,7.0,83.81,12.41,57.6,21.9,1008.0,46.2,38.7
759,2021-09-29,8.6,5.4,80.56,2.31,53.6,26.4,1015.5,33.8,37.9
760,2021-09-30,11.5,9.9,90.28,15.73,66.1,38.1,1007.8,76.0,22.3
761,2021-10-01,10.5,7.5,82.02,11.41,62.8,37.0,999.4,58.9,34.2
762,2021-10-02,8.9,6.8,86.9,11.8,68.2,30.0,991.5,57.4,35.7
763,2021-10-03,9.3,7.1,85.95,3.47,59.4,30.0,986.1,48.8,38.0
764,2021-10-04,9.9,7.6,85.78,4.51,48.2,24.8,999.8,49.9,34.9
765,2021-10-05,8.9,6.3,84.37,19.29,62.9,29.7,1002.7,66.0,40.6
766,2021-10-06,9.1,6.0,81.63,1.24,53.2,24.8,1016.0,48.8,43.8
767,2021-10-07,15.1,14.2,94.28,7.47,56.5,34.3,1017.7,87.3,18.7
768,2021-10-08,14.9,13.5,91.15,8.16,52.4,30.2,1025.0,93.7,23.4
769,2021-10-09,13.7,12.6,93.04,2.95,41.7,24.1,1026.7,86.7,23.3
770,2021-10-10,10.3,8.1,86.79,0.59,47.6,27.0,1029.8,48.9,22.5
771,2021-10-11,11.2,8.7,84.57,0.0,39.8,23.5,1029.5,88.7,25.2
772,2021-10-12,12.4,10.9,90.41,0.8,30.6,18.0,1025.7,91.0,38.2
773,2021-10-13,11.9,10.0,87.91,0.26,37.2,21.7,1025.2,93.8,37.9
774,2021-10-14,11.2,8.9,85.66,2.55,55.6,35.0,1017.5,88.3,25.2
775,2021-10-15,5.7,2.6,81.65,3.11,24.1,12.3,1021.3,20.7,51.6
776,2021-10-16,7.5,6.7,94.25,5.56,31.6,15.6,1016.9,88.1,30.6
777,2021-10-17,12.8,12.3,97.34,15.81,42.6,23.6,1010.1,90.1,19.9
778,2021-10-18,13.6,12.8,94.64,4.44,51.8,32.1,1008.7,83.8,26.0
779,2021-10-19,14.5,13.4,93.57,7.73,46.0,28.1,1001.9,81.7,29.6
780,2021-10-20,9.8,7.0,82.71,1.32,46.8,28.3,993.9,60.7,24.5
781,2021-10-21,6.0,2.2,77.13,1.63,53.7,30.4,1006.5,32.7,41.6
782,2021-10-22,8.7,6.0,83.59,3.64,51.1,34.4,1015.8,72.9,43.4
783,2021-10-23,10.4,8.2,86.83,1.6,59.3,40.1,1015.9,88.5,32.7
784,2021-10-24,12.1,10.4,89.63,18.19,58.6,36.9,1006.7,77.6,19.9
785,2021-10-25,9.5,6.5,82.09,3.67,54.3,31.0,1007.1,59.6,34.7
786,2021-10-26,11.7,10.1,90.18,6.15,64.5,42.6,1005.8,90.5,18.9
787,2021-10-27,13.8,13.0,94.73,36.64,57.7,38.7,1003.4,91.7,18.3
788,2021-10-28,12.2,11.6,96.34,58.2,35.2,19.3,997.3,90.9,19.8
789,2021-10-29,9.7,8.9,94.67,41.33,42.4,19.9,989.9,74.9,19.6
790,2021-10-30,8.4,6.7,89.52,14.75,54.7,29.0,989.5,65.5,40.2
791,2021-10-31,7.6,6.1,90.33,19.16,48.4,25.7,982.1,77.1,35.4
792,2021-11-01,7.7,5.5,85.78,3.85,57.3,35.3,983.2,72.4,43.2
793,2021-11-02,7.0,5.2,88.95,0.4,25.0,17.0,995.9,55.8,44.1
794,2021-11-03,5.2,3.1,86.82,0.17,31.0,17.6,1008.6,37.8,53.8
795,2021-11-04,4.0,1.5,84.46,0.23,19.5,15.0,1018.8,27.2,56.3
796,2021-11-05,9.2,7.9,91.96,0.56,33.5,22.7,1022.5,88.9,44.9
797,2021-11-06,9.6,7.4,86.39,9.09,65.5,43.0,1014.0,83.3,22.4
798,2021-11-07,8.2,3.7,73.43,0.86,61.5,39.1,1016.8,60.5,20.3
799,2021-11-08,9.8,8.6,92.18,5.96,50.6,32.0,1016.5,87.5,19.3
800,2021-11-09,10.7,9.3,91.33,6.74,45.5,25.0,1015.0,74.0,22.0
801,2021-11-10,7.3,5.0,85.55,0.39,40.9,23.9,1020.5,44.3,25.7
802,2021-11-11,9.1,7.1,87.33,1.07,74.3,44.8,1016.3,74.7,40.8
803,2021-11-12,10.6,9.3,91.88,13.6,58.5,38.5,999.8,86.6,20.1
804,2021-11-13,8.5,6.7,89.08,0.46,25.5,13.8,1016.6,43.6,38.3
805,2021-11-14,8.3,6.9,91.1,0.42,45.9,25.0,1024.4,92.7,40.3
806,2021-11-15,9.4,7.9,90.17,1.86,45.3,26.4,1024.9,79.8,35.8
807,2021-11-16,8.5,6.0,84.62,3.04,49.3,31.9,1016.5,86.4,31.8
808,2021-11-17,8.1,6.0,86.62,2.13,50.1,35.4,1018.1,78.6,21.5
809,2021-11-18,11.9,10.6,92.05,0.46,53.4,32.7,1021.2,93.5,25.4
810,2021-11-19,11.5,9.6,88.29,0.18,51.5,33.3,1024.4,88.7,39.2
811,2021-11-20,8.5,6.6,87.9,0.69,49.6,29.4,1019.8,64.9,37.2
812,2021-11-21,3.5,0.5,81.17,0.2,32.4,21.3,1025.5,14.7,55.7
813,2021-11-22,3.6,1.8,88.33,0.08,21.6,13.6,1033.3,43.3,53.5
814,2021-11-23,7.1,5.5,89.84,0.43,31.0,19.8,1031.5,82.9,51.1
815,2021-11-24,5.8,3.4,84.23,1.51,44.5,29.4,1019.2,61.1,36.5
816,2021-11-25,3.4,0.8,83.02,0.64,51.0,31.3,1017.0,37.7,36.1
817,2021-11-26,5.1,1.2,76.54,6.54,87.5,59.3,993.1,63.0,40.8
818,2021-11-27,1.5,-5.0,61.95,1.98,80.6,50.3,1008.4,42.6,54.4
819,2021-11-28,0.2,-2.2,84.22,1.38,18.2,12.0,1010.0,68.8,44.1
820,2021-11-29,3.1,1.8,91.02,1.55,47.4,26.8,1010.8,92.1,41.2
821,2021-11-30,9.5,8.7,95.24,22.53,55.8,28.6,1002.0,90.4,21.7
822,2021-12-01,4.4,1.3,80.64,14.09,49.1,27.0,1000.4,62.3,45.1
823,2021-12-02,1.3,-2.2,78.02,0.95,50.6,24.1,1011.8,53.0,46.7
824,2021-12-03,6.2,4.4,88.45,3.43,45.9,28.3,998.1,78.4,30.4
825,2021-12-04,4.2,2.1,86.76,11.53,50.3,28.5,992.8,84.3,40.0
826,2021-12-05,1.6,-1.6,79.5,0.0,41.2,24.3,1013.0,27.5,51.4
827,2021-12-06,3.5,1.7,88.08,10.15,53.0,34.4,1002.5,77.9,34.4
828,2021-12-07,3.2,1.5,88.27,5.68,67.8,40.5,984.9,81.0,26.2
829,2021-12-08,4.0,2.8,92.1,3.52,44.2,25.3,978.1,82.2,42.1
830,2021-12-09,4.7,3.1,89.0,3.48,44.1,26.3,992.2,62.4,32.4
831,2021-12-10,3.3,1.2,86.43,2.52,39.3,22.9,998.2,33.1,45.7
832,2021-12-11,6.5,5.5,93.41,9.9,57.6,30.0,1007.2,94.2,19.7
833,2021-12-12,8.9,7.7,92.26,2.23,72.1,47.2,1009.5,93.5,19.3
834,2021-12-13,6.2,4.2,87.05,1.38,72.5,44.2,1017.1,51.9,30.2
835,2021-12-14,6.8,5.1,89.33,0.39,51.6,33.7,1019.1,80.9,32.9
836,2021-12-15,9.1,8.2,94.2,2.51,47.1,30.9,1023.5,97.1,19.7
837,2021-12-16,8.8,7.5,91.66,0.77,32.4,18.5,1035.5,85.9,28.5
838,2021-12-17,6.1,4.4,89.17,0.05,15.5,6.7,1041.6,81.0,27.8
839,2021-12-18,2.0,1.6,97.23,0.51,16.5,7.7,1040.2,24.2,13.5
840,2021-12-19,0.7,0.5,98.82,0.5,18.9,12.1,1036.4,70.2,11.3
841,2021-12-20,2.2,1.5,94.97,0.31,13.0,8.2,1030.8,87.2,32.2
842,2021-12-21,1.9,0.4,89.88,0.0,18.4,10.8,1025.0,100.0,13.6
843,2021-12-22,1.7,0.6,92.77,6.08,18.8,12.4,1014.6,93.7,5.3
844,2021-12-23,5.7,5.4,98.18,11.67,28.1,15.8,1002.7,98.1,7.8
845,2021-12-24,4.5,2.8,88.81,1.99,55.6,31.3,1004.1,93.7,33.8
846,2021-12-25,2.3,-1.8,74.91,0.32,51.7,30.0,1005.5,70.9,46.0
847,2021-12-26,2.7,0.6,86.07,1.81,48.7,27.4,999.8,95.3,36.5
848,2021-12-27,4.8,3.9,93.66,4.9,27.1,14.2,991.3,89.8,27.8
849,2021-12-28,5.5,4.5,93.68,2.83,27.2,16.2,992.4,87.2,24.5
850,2021-12-29,7.4,5.6,89.0,14.73,71.7,41.0,994.4,87.0,16.5
851,2021-12-30,10.7,9.7,93.37,9.81,44.2,28.3,1001.2,89.3,29.1
852,2021-12-31,10.8,9.8,93.45,24.0,52.7,34.1,1005.6,88.9,17.7
853,2022-01-01,11.0,8.7,86.09,12.88,74.2,49.1,1004.0,74.5,17.1
854,2022-01-02,8.3,6.0,85.58,1.44,65.3,42.5,998.8,65.9,21.1
855,2022-01-03,5.4,3.6,88.02,9.61,65.1,42.6,997.8,75.2,26.9
856,2022-01-04,1.2,-2.2,78.54,0.03,47.5,29.1,1002.2,8.5,32.5
857,2022-01-05,1.7,-2.3,74.96,0.0,40.2,23.7,1013.3,23.5,34.3
858,2022-01-06,3.3,0.8,83.86,11.49,69.7,45.4,1004.5,86.7,31.5
859,2022-01-07,1.6,0.0,89.5,3.65,51.0,30.3,1002.3,71.4,38.9
860,2022-01-08,4.5,2.9,89.49,17.82,52.6,33.7,992.3,75.5,21.0
861,2022-01-09,4.2,3.0,92.14,7.8,40.1,26.0,996.2,74.8,23.8
862,2022-01-10,6.8,5.8,93.93,3.47,56.4,31.7,1011.1,88.2,21.1
863,2022-01-11,5.2,3.3,87.84,1.4,34.0,22.1,1027.4,45.3,20.4
864,2022-01-12,7.3,5.8,90.19,0.0,39.2,25.5,1036.8,83.4,22.8
865,2022-01-13,6.5,4.6,87.31,0.05,39.6,22.8,1037.3,96.3,34.9
866,2022-01-14,5.8,4.7,92.99,0.05,23.4,14.7,1034.5,98.5,27.7
867,2022-01-15,4.4,3.0,90.58,0.71,26.3,18.9,1022.9,94.7,17.7
868,2022-01-16,5.6,2.8,82.25,0.2,38.7,22.3,1025.0,57.0,26.4
869,2022-01-17,5.5,3.7,88.52,0.0,34.3,18.7,1036.3,69.2,29.5
870,2022-01-18,5.7,4.5,92.04,2.3,52.6,33.6,1031.2,79.8,18.7
871,2022-01-19,6.0,3.0,81.15,2.69,60.5,38.3,1024.7,45.3,27.6
872,2022-01-20,1.9,-0.8,82.56,0.0,19.0,10.5,1037.8,31.2,37.8
873,2022-01-21,5.7,4.0,89.1,0.08,37.9,21.9,1037.2,86.5,51.3
874,2022-01-22,6.9,5.9,93.16,0.12,36.7,24.5,1034.5,94.7,31.1
875,2022-01-23,6.0,3.2,82.17,0.05,41.0,25.0,1030.9,97.5,44.7
876,2022-01-24,6.4,4.4,87.02,0.03,35.4,23.9,1030.9,88.3,19.6
877,2022-01-25,5.1,3.1,86.73,0.0,35.8,21.7,1031.8,97.2,13.2
878,2022-01-26,7.3,6.2,92.63,0.46,63.1,41.1,1024.4,93.3,17.7
879,2022-01-27,7.1,4.5,83.55,1.53,53.5,31.3,1024.3,65.2,31.3
880,2022-01-28,7.2,5.5,88.6,1.0,55.9,31.7,1026.8,93.9,24.5
881,2022-01-29,7.5,4.1,79.44,1.64,96.2,56.3,1021.3,73.3,18.4
882,2022-01-30,4.3,2.2,86.51,9.89,81.0,46.9,1023.6,69.1,20.2
883,2022-01-31,4.9,1.3,77.68,2.54,70.7,43.0,1020.9,41.1,26.1
884,2022-02-01,8.8,5.8,81.77,2.09,74.7,45.9,1016.0,60.1,15.4
885,2022-02-02,8.3,7.7,96.02,6.03,45.9,26.3,1016.5,91.7,15.3
886,2022-02-03,7.8,6.1,89.51,4.53,59.4,39.7,1004.9,90.2,27.3
887,2022-02-04,2.8,0.4,84.09,6.84,53.2,32.7,1005.2,58.3,34.1
888,2022-02-05,5.1,3.4,89.03,16.48,73.9,40.6,1003.9,82.9,18.9
889,2022-02-06,3.0,0.8,85.38,12.12,53.5,32.0,1000.0,57.0,32.8
890,2022-02-07,5.5,3.7,88.06,1.67,65.6,35.4,1016.7,72.2,21.9
891,2022-02-08,7.1,4.8,86.01,6.18,63.4,31.4,1016.5,79.0,24.2
892,2022-02-09,4.3,1.7,82.98,8.77,55.4,35.3,1016.7,71.4,28.0
893,2022-02-10,3.2,0.6,82.95,7.33,59.9,39.2,1017.1,50.9,29.9
894,2022-02-11,2.0,-0.3,85.36,2.06,63.5,42.8,1025.4,39.6,30.6
895,2022-02-12,7.3,5.6,88.88,21.31,68.7,45.1,1005.6,88.9,25.3
896,2022-02-13,6.1,5.2,93.69,26.57,44.0,26.5,991.3,89.0,12.4
897,2022-02-14,5.1,3.0,86.96,8.55,40.1,25.6,995.6,72.5,43.6
898,2022-02-15,4.8,2.7,86.38,10.69,61.2,36.8,995.5,69.1,25.2
