datetime,temp,dew,humidity,precip,windgust,windspeed,sealevelpressure,cloudcover,visibility
2018-01-01,3.4,2.2,91.68,18.15,,20.2,990.2,46,19.9
2018-01-02,3.3,2.3,93.43,8.4,,24.4,992.8,53.7,14.1
2018-01-03,3.8,2.8,93.74,13.85,55.4,23.3,983.8,60.3,12.8
2018-01-04,3.4,2.6,94.27,11.8,,19.3,988.4,67.4,13.7
2018-01-05,2.4,1.2,91.77,9.4,,16.2,993.7,63.1,16.6
2018-01-06,1.3,-2.7,74.91,0.2,55.4,29.2,1020,27.5,21.6
2018-01-07,-3,-5.3,84.32,20,,10.7,1032.7,8.5,15.8
2018-01-08,-1.9,-5,79.81,10.2,,26.5,1025.4,8.4,15.8
2018-01-09,3.2,0.6,83.6,0,,31.9,1005.4,55.2,12.9
2018-01-10,2.6,1.6,93.5,1.4,,23.4,1004.6,73.3,9.5
2018-01-11,1.2,0.5,95.65,0.4,,10.9,1021.4,37.1,9.2
2018-01-12,3.2,1.2,86.9,0,48.7,33.1,1022.5,64,13
2018-01-13,3.9,1.8,86.6,3,,26.7,1015.5,71.2,11.3
2018-01-14,5.5,3.8,89.2,7.01,74.2,54.9,1006.8,73,11.1
2018-01-15,4.1,2.7,90.72,19.87,59.4,39.5,986,54.6,14.6
2018-01-16,0.3,-0.9,91.46,5,57.6,38.2,981.7,53.6,13.2
2018-01-17,1.4,-0.4,87.95,78.61,50,40.3,992.1,42.3,15.5
2018-01-18,0.8,-0.1,94.17,8.26,,16.2,994.8,52.1,17.2
2018-01-19,0.5,-0.4,93.41,7.4,,23.6,999,46.6,16.7
2018-01-20,-1.3,-2.5,92.31,7.2,,15.9,1002.3,23.3,19.4
2018-01-21,-1.1,-2.2,92.36,1.8,,23.1,1005.3,57.8,9.9
2018-01-22,5.2,3.5,88.94,8.82,53.6,32,1003.6,62.6,12.4
2018-01-23,7,5.6,90.67,16.15,66.6,42.2,999.3,63.2,12
2018-01-24,5.9,3.5,84.94,36.82,76,51.8,986.6,64.5,13.7
2018-01-25,4.2,2.3,87.15,15.15,51.8,30.2,998,62.3,13.5
2018-01-26,1.9,0.5,90.64,1,,20.5,1018.1,29.1,19
2018-01-27,6.8,4.8,87.41,13.87,55.4,44.6,1011.2,65.7,9.6
2018-01-28,8.2,7,92.12,6.94,79.6,50.1,1015.1,66.9,7.6
2018-01-29,4.8,2.5,84.98,22.28,53.6,45.6,1019.3,37.7,19.6
2018-01-30,4.6,2.8,88.1,9.94,,40.1,1015.8,67.1,14.7
2018-01-31,1.9,0.4,89.69,15.28,46.4,32.5,993.1,52.2,16.2
2018-02-01,3.1,-0.2,79.61,5.82,53.6,41.4,1003.3,24.2,21.5
2018-02-02,3.1,0.3,81.98,2,,24,1012.2,38.3,23.1
2018-02-03,3,1.7,91.37,2.53,,17.6,1008.7,57.9,16.4
2018-02-04,2.5,0.5,87.98,0,,10.1,1029.8,43.2,17.1
2018-02-05,0.6,-1.4,86.77,0,,22.2,1027.9,66.4,18.5
2018-02-06,0.3,-2.7,81.19,2.6,,22.8,1020.1,26.1,20.4
2018-02-07,-0.7,-2.5,87.92,30.4,,29.7,1018.3,40.2,17.8
2018-02-08,4.5,3.4,92.39,5,,26.1,1005.4,55,11.1
2018-02-09,1.5,-0.8,85.32,4.74,,22.6,1007.2,34.7,18.4
2018-02-10,3.6,1.9,89.03,7.86,,33.7,997.6,63.5,12
2018-02-11,0.3,-1.3,88.65,3.53,,26.5,998.6,35.9,18.2
2018-02-12,0.9,-0.7,89.2,7.4,46.4,32,1003.6,51,16.7
2018-02-13,1.7,-0.8,84.14,8.42,48.2,32.8,994.8,41.6,19.8
2018-02-14,2.5,0.1,84.69,9.8,63,44.3,990.6,47.8,17.8
2018-02-15,2.9,0.4,84.16,10.6,55.4,40.1,996.7,58.7,13.9
2018-02-16,3.7,1.5,86.07,19.6,44.6,29.6,1014.1,52.1,14.6
2018-02-17,3.9,2.4,90.31,19,,25,1015.3,47.3,16.4
2018-02-18,3.5,2.6,94.11,3,,20.5,1017,61.7,10.7
2018-02-19,7.2,6.4,95.1,5.4,,22.5,1016.2,74.7,11.8
2018-02-20,5,1.8,80.57,0.67,,21.1,1025.5,21.3,14.4
2018-02-21,2.4,-0.3,82.83,0,,10.7,1029.3,32.3,11.9
2018-02-22,2.2,-0.5,82.75,0,48.2,21.2,1023.6,54.3,15.4
2018-02-23,1.4,-2.5,75.85,0,47.8,25.7,1021,23.8,13.2
2018-02-24,0.9,-3.7,71.77,0,,24.3,1024.5,2.2,17.8
2018-02-25,1.7,-2.9,73,0,,23.3,1031,0,16.5
2018-02-26,-0.1,-4.6,72.48,0,37.1,23.3,1037,47,22
2018-02-27,-0.7,-4.9,74.62,10.2,51.7,24.6,1032.3,39,20.7
2018-02-28,-4.3,-7.5,79.52,0,62.2,33.2,1028.5,52.1,13.3
2018-03-01,-3.2,-5.4,84.81,10,64.8,40.2,1017.7,57.8,9.4
2018-03-02,-0.8,-3.7,81.27,10,59.4,40.6,1006.5,71.6,13.2
2018-03-03,-0.2,-3.3,79.9,10,51.8,30.4,1000,71.7,16.7
2018-03-04,0.4,-1.7,85.71,0.2,,26.8,993.2,74.7,10.1
2018-03-05,2.2,1.2,93.15,155.08,48.2,27.4,988.7,74.2,13.2
2018-03-06,1.7,0.8,94.3,15.69,,31.2,987.8,74.9,11.5
2018-03-07,2.7,1.2,90.43,26.6,,22.8,988.5,67.4,15.3
2018-03-08,2.2,0.4,88.22,2.4,,23.5,990.8,46.7,18.7
2018-03-09,3,-0.2,80.03,7.2,37.1,28.3,997.6,31.6,19.6
2018-03-10,3,1.5,90.2,9.38,,33.7,993.5,66.5,15.2
2018-03-11,4.6,3.4,91.86,6.19,,11.3,992.4,60.7,13.3
2018-03-12,4.5,1.9,84.08,0,,11.8,995.3,76,19.8
2018-03-13,4.6,1.7,82.2,0.2,,18,1004.2,52.4,18.5
2018-03-14,5.6,1.4,74.73,0,40.7,34.7,997.4,56.2,22.8
2018-03-15,4.8,2.6,85.92,6.34,66.6,45,991.4,67.3,11.9
2018-03-16,3.2,1.2,86.56,2.2,55.4,37,1003.4,73.2,16.5
2018-03-17,-0.2,-4.8,71.35,0.2,66.6,40.1,1020.2,62.4,15.7
2018-03-18,-1.1,-4.9,76.08,60,55.4,37.3,1023.8,61,18.1
2018-03-19,1.2,-5.4,63.48,2.8,,22.8,1027.3,15.7,24.4
2018-03-20,1.3,-4.7,68,0,,16.7,1032,3.6,25
2018-03-21,5.2,3.6,89.52,1.2,,29.4,1024.7,74.2,14.9
2018-03-22,6.5,4.3,85.9,1.67,51.8,27.6,1010.6,77.2,14.4
2018-03-23,5.6,3.5,86.75,6.66,53.6,34.5,990.6,56,16.7
2018-03-24,3.6,1,83.54,2.28,,22.6,1002.3,30.6,20.5
2018-03-25,4.5,1.4,81.49,1.33,,22.5,1010.4,36,23
2018-03-26,3.6,-0.6,76.32,0,,16.7,1014.4,32.6,24
2018-03-27,4.8,3.5,91.38,8.19,,27.4,1001.2,69,11.8
2018-03-28,2.9,1,87.98,1.27,,18.7,1000.9,47.8,22
2018-03-29,2.4,-0.7,81.34,0.6,,26.7,1001.1,36.9,19.1
2018-03-30,2.8,0,81.68,0.4,,28.1,1002.6,63.6,25.7
2018-03-31,2.8,-0.3,80.21,0,,22.7,1008.4,63,23.9
2018-04-01,2.3,-3.3,68.81,0,,14.2,1014,38.7,24.1
2018-04-02,1.5,-1.3,81.64,0.6,63,35.9,1002.7,54.5,22.2
2018-04-03,1.6,0.4,91.52,60,,24.8,991.1,74,14
2018-04-04,1.2,-0.4,89.37,22.46,,20.3,996.4,59.9,13.1
2018-04-05,3,-1,76.06,0.53,,22.8,1011,32.9,23.9
2018-04-06,6,2.5,78.08,5,48.2,32.9,1005.9,50.3,21.4
2018-04-07,8.1,6,87.01,6.41,55.4,26.1,1004.2,57.7,13.2
2018-04-08,7.2,5.1,87,1.8,,9.3,1008,61.5,15.4
2018-04-09,7.5,5.7,88.71,1.6,,22.4,1007.5,59.7,16.2
2018-04-10,5.8,4,88.33,1.2,50,28,1011,67.2,23.3
2018-04-11,5.6,4.1,90.2,1,,31.7,1014.3,73.6,15.2
2018-04-12,6.2,3.5,83.01,0,50,26.7,1011.4,68.9,13.1
2018-04-13,5.7,4.6,92.97,3.99,,17.3,1008.5,77.2,9.7
2018-04-14,8.4,6,85.7,0.4,,21.5,1013.3,60.8,11.5
2018-04-15,9.5,6.1,80.15,3,,28.7,1007.4,41.4,13.4
2018-04-16,9,5.9,81.78,1.13,48.2,33,1004.1,69.5,15.5
2018-04-17,10.7,7.6,81.32,12.34,64.8,41.4,1005,50.8,14.4
2018-04-18,11.9,9.1,83.26,6.8,55.4,31.5,1018,51.7,19
2018-04-19,12.1,9.2,82.77,1,,23,1020.9,44.3,19.8
2018-04-20,9.7,6.5,81.39,2,,29.4,1022.8,56.7,16.4
2018-04-21,10.4,4.7,70.38,0.2,,20.5,1018.1,29.6,22.1
2018-04-22,8.1,5.4,83.55,1.46,,27.1,1003.8,54.5,19
2018-04-23,8.3,6.1,86.41,4.13,,39.2,1004.9,68,13.6
2018-04-24,8.1,5.1,81.93,2,,29,1005.6,53.9,16.4
2018-04-25,7.1,4.4,83.39,4.47,50,30.1,1003.4,54.4,18.2
2018-04-26,6.6,3.8,82.27,14,53.6,31.9,1005.9,42.8,17.6
2018-04-27,6.7,1.6,71.66,2,,22.8,1009.4,25.2,21.4
2018-04-28,5.9,1.7,76.02,2,,19.2,1014,39.2,24.1
2018-04-29,6.1,1.6,74.26,1.4,,15.8,1017.8,35.1,23.9
2018-04-30,6.5,0.2,67.75,0,,19.3,1014.1,16.4,21.1
2018-05-01,5.9,2.9,81.94,1.66,,38.6,1000.5,52.8,17.5
2018-05-02,7.1,3.3,77.71,10.81,51.8,28.4,998.1,44.9,18.3
2018-05-03,7.2,5.6,89.54,0.4,50,28.4,1011.6,66,10.9
2018-05-04,10.2,8.9,91.53,1.07,,26.6,1018.2,69.9,18
2018-05-05,11,9.2,88.78,0.4,,24.6,1021.7,61.5,16.7
2018-05-06,12.3,9.3,82.85,0.6,,26.6,1021.1,48,15.4
2018-05-07,13.1,8.8,76.6,7,53.6,23.6,1016.3,33.4,18.6
2018-05-08,10.5,7.9,83.93,0.73,,24.1,1007,51.1,15.7
2018-05-09,7.8,5.8,87.48,5.93,55.4,34.1,1003.7,59.4,14.8
2018-05-10,8.2,3.6,74.09,2.6,,30,1009.5,36.4,15.8
2018-05-11,8.8,4.5,75.84,0.73,59.4,38.9,1010.4,44.7,17.8
2018-05-12,10,3.6,68.45,1.34,,13.3,1012.3,27.1,19.1
2018-05-13,10.5,5.3,72.6,2.6,,23.4,1014.1,37.5,19.7
2018-05-14,11.2,5.9,71.86,0,,18.8,1021.4,11.9,21.9
2018-05-15,10.8,7.9,82.75,0.2,,28.4,1023.1,44.1,20.2
2018-05-16,9.6,1.6,60.93,0,,19.6,1030.9,5.2,21.4
2018-05-17,10.3,3.5,64.93,0,,12.9,1029.6,10.5,22.9
2018-05-18,10.8,4.9,68.27,0,,16.1,1024.9,27.9,23
2018-05-19,12.9,5.8,64.28,0,,29.5,1020.8,17.9,21.6
2018-05-20,12.9,7.3,69.15,0,48.2,27.9,1017.2,59.1,21
2018-05-21,11.8,8.1,78.11,1,,22.7,1018.8,42.8,19.6
2018-05-22,10.4,6.6,77.73,5,,20.7,1024.6,64.4,24.2
2018-05-23,11.7,7.2,75.06,0,,19.5,1027.2,36.6,18.6
2018-05-24,12.9,7.8,72.95,0,35.3,18.9,1025.7,27.3,16
2018-05-25,14.9,7.8,65.13,0,,24.7,1026.1,18,14.5
2018-05-26,15.5,8.2,63.48,0,,27.6,1028.7,15.1,16.2
2018-05-27,15.5,8.2,63.4,0,,32.4,1023.6,13.4,16.5
2018-05-28,17,10.7,68.31,0,37.1,18.2,1022.3,16.7,16.5
2018-05-29,15.9,11.3,75.29,0,,28,1023.5,24.2,15.3
2018-05-30,16.3,11.2,73.67,0,40.7,19.6,1017.3,22.8,17
2018-05-31,15.7,13,84.17,0.2,,15.1,1015.6,60.1,12.1
2018-06-01,17.3,13.5,79.46,0.4,,15.1,1017.2,23.3,13.4
2018-06-02,16.3,13.9,86.55,7.2,,13.8,1017.4,29.8,11.2
2018-06-03,16.1,14,88.06,7.15,,11.8,1019.7,61.3,10.3
2018-06-04,15.4,13.1,86.35,0,,18.8,1019.7,63.5,13.3
2018-06-05,13.6,8.9,75.01,0.2,,20.4,1020.5,41.2,17.2
2018-06-06,14.4,8.8,70.47,0,,15.5,1018.5,27.8,15.7
2018-06-07,15,9.6,72.07,2,,18.1,1018.8,19.1,15.6
2018-06-08,14.8,9.9,73.29,0.4,,14,1018.8,43.7,17.7
2018-06-09,14.4,11,80.53,8.04,,20.8,1017,39.5,16.2
2018-06-10,13.9,10,78.67,1,,19.5,1016,61.5,14.8
2018-06-11,13.4,9.7,79.13,0,37.1,19,1016.7,57.2,19.3
2018-06-12,13.9,9.9,78.31,2.2,,21.7,1018.8,46.3,17.1
2018-06-13,10.8,8.5,86.42,1.34,53.6,35.9,1011.3,49.9,15.7
2018-06-14,12.1,9.4,84.04,25.76,87.1,58.2,997.4,62.3,13.2
2018-06-15,10.2,8,85.99,5.99,,27,1010.6,52.8,18
2018-06-16,10.8,8.5,86.43,12.86,,24,1007.6,53.6,19.2
2018-06-17,10.8,9,88.71,0.4,,23.8,1008.5,64.1,14.6
2018-06-18,11.5,7.7,77.66,1,57.6,32.4,1010.9,65.8,15.9
2018-06-19,10.6,6.3,75.69,1.2,,30.6,1016.4,47.9,13.9
2018-06-20,10.3,6.9,80.92,15.52,48.2,29.4,1014.8,59.5,14.8
2018-06-21,10.9,4.8,67.02,2,,34.9,1026.1,25.3,20.5
2018-06-22,11.1,6.4,73.29,0,,25.9,1031.6,30.8,18.5
2018-06-23,11.5,7.5,76.85,0,,24.6,1028.4,36.6,20.7
2018-06-24,13.2,7.4,70.65,0,,20.3,1025.7,11.3,20.2
2018-06-25,15.3,7.4,61.33,0,,16.5,1026.6,0.5,20.5
2018-06-26,16.7,9.6,64.66,0,,15.4,1027.3,6.8,20.5
2018-06-27,19.1,11.6,65.06,0,,11.2,1027.4,12.7,16.1
2018-06-28,21,12.5,60.89,0,,17.9,1026.9,0,18.1
2018-06-29,18.5,10,58.46,0,44.6,20.9,1025.2,0,20.4
2018-06-30,17,9.4,64.04,0,37.1,23.1,1020,22.5,19.1
2018-07-01,17.3,9.1,60.74,0,,21.4,1018.3,8.7,21.8
2018-07-02,16.1,10.3,70.05,0,,22.7,1022.6,25,22.1
2018-07-03,17.5,11.1,68.24,0,,21.5,1021.7,16.7,19.5
2018-07-04,18.1,11.3,66.34,0,,19.6,1015.5,9.4,22.5
2018-07-05,15.3,9,67.54,0,,23,1016.4,16.5,20.1
2018-07-06,13.7,7.7,68.47,0,,21.2,1021.1,34.3,22
2018-07-07,15.3,9.3,69.23,0,,18.1,1024.6,32.7,23.8
2018-07-08,17,13.8,82.07,2.2,,21.9,1026.9,62.9,21.9
2018-07-09,16.7,10.5,68.94,0,,20,1028.6,37.9,24.8
2018-07-10,15.4,11,75.77,0.87,,10.4,1026.8,65.6,22.3
2018-07-11,15.6,13.8,89.35,15.73,,13.7,1023.8,63,12.1
2018-07-12,16.1,12.4,79.68,2.2,,17.4,1023.2,56.4,21.7
2018-07-13,16,12.1,78.88,0,,14.8,1021.8,53.9,20.2
2018-07-14,16.3,12,76.96,0,42.5,28.8,1017.1,39.7,20.2
2018-07-15,16.5,15,91.29,5.74,,16.7,1012.6,74.2,14.1
2018-07-16,15.3,11.6,80.03,4.73,,18.7,1011.7,64,18.9
2018-07-17,13.9,9.5,75.67,1.2,,22.3,1013.3,57.9,22.2
2018-07-18,14.5,9.3,72.9,1.8,,11.6,1017,47.1,18.2
2018-07-19,14.2,8.3,68.88,0,,21.4,1018.5,32.5,22
2018-07-20,14.3,12.9,91.72,6.47,,15.5,1012.7,70.2,13.8
2018-07-21,14.7,12.3,86.06,0,,20.3,1013.7,70.1,19.5
2018-07-22,15.8,14.6,93,0.2,,24.1,1013.7,78.1,18.9
2018-07-23,16.6,15.2,91.2,2.99,,21.7,1012.2,69,17.7
2018-07-24,14.2,9.8,76.53,0.2,,19.1,1013.1,55.1,24.8
2018-07-25,15.5,9.4,69.57,0,,24.6,1016.4,17,23
2018-07-26,17.9,9.7,61.38,0,,24,1012.4,5.3,23.9
2018-07-27,18.1,13,72.94,0,,20.5,1007.3,52.1,22.6
2018-07-28,14.8,12.6,87.44,39.05,70.6,36.9,995.4,58.1,15.7
2018-07-29,11.8,10.1,89.53,19.87,59.4,41.5,995.9,46.5,16.4
2018-07-30,13.3,9.5,78.85,2,,26.9,1004.1,50.9,19.2
2018-07-31,13.1,10.5,85.13,3.74,,36.7,1008.6,51.5,15.4
2018-08-01,13.9,12.2,89.34,5.07,,22.7,1014.1,58.9,11.7
2018-08-02,16.6,15.5,93.78,4.72,,17.8,1017.4,75.2,10.5
2018-08-03,15.8,14.3,90.63,9.87,,22.2,1021,72.7,16.8
2018-08-04,13.9,11.2,84.07,0.6,,27.4,1024.3,58.9,23.9
2018-08-05,14.5,11.7,83.93,0,,19,1021.3,62.3,22.2
2018-08-06,14.8,13,88.77,1,,25.5,1012.1,62.6,18.1
2018-08-07,13.6,10.2,80.81,0.2,,21.3,1007.1,59.6,23.7
2018-08-08,12.6,9,79.67,0.6,,27.5,1005.9,42.3,19.8
2018-08-09,11.5,8,80.33,3,,25.1,1011.2,32.3,20.7
2018-08-10,12.3,8.8,80.4,1,,23,1013.9,37.1,19.5
2018-08-11,12.4,7.9,76.14,0,,17.1,1017.3,42.8,22.7
2018-08-12,13.4,12,91.62,6.26,,23.6,1008.2,75.6,17.9
2018-08-13,14.5,12.8,89.97,4,,16.1,1008.4,75.9,25.5
2018-08-14,14.2,13,92.22,4.39,,25.6,1010.6,68,21.2
2018-08-15,14.9,13.1,89.33,4,,30.8,1007,60,16
2018-08-16,12.5,10.1,85.35,1.54,,29.3,1005.8,47.1,15.4
2018-08-17,12.4,11.1,91.42,1.67,,30.8,1009.9,66.1,13.8
2018-08-18,13.6,11.6,87.65,5.07,51.8,30.9,1011.5,69,13.9
2018-08-19,14.4,12.6,88.7,10.86,,16.8,1014.1,58.3,15.5
2018-08-20,13,10,83.57,0,,10.1,1018.8,59.4,18.6
2018-08-21,14.6,13.3,91.94,0.4,,27.6,1015.9,71.4,17.9
2018-08-22,13.7,11.1,85.02,11.34,,27.2,1011.6,58,19.7
2018-08-23,11.4,8.6,83.37,4.65,,28.7,1008.5,58.5,19.2
2018-08-24,10.4,7.9,84.78,6.87,,26.5,1007.4,35.4,20.8
2018-08-25,10.8,6.1,74.23,0.6,,20.1,1013.1,20.3,21.2
2018-08-26,10.3,9.1,92.77,6.66,,21.3,1002.9,68,13.3
2018-08-27,12.7,10.7,88.35,3.67,,20.1,1004.5,59.7,21.3
2018-08-28,12.5,9.9,84.45,0.2,59.4,30.2,1012.3,70.2,19.5
2018-08-29,11.6,8.3,81.13,3.21,46.4,23.7,1014.8,43.6,17.8
2018-08-30,10.4,7.2,81.95,0.4,,12.3,1023.5,34.7,15.9
2018-08-31,11.2,7,77.5,0,,26.9,1022.2,26.1,17.2
2018-09-01,14.5,12.8,89.78,0.53,,18.4,1020.4,73,16.8
2018-09-02,15.4,14.3,93.12,0.4,,27.7,1019.2,71.5,16.2
2018-09-03,12,8.2,79.21,1.34,,17.8,1024,44.5,19.1
2018-09-04,11.3,7.8,80.96,0.2,,13,1025.2,49.1,17.5
2018-09-05,11.6,9.7,88.55,1.14,,22,1022.4,50.4,17.7
2018-09-06,9.2,6.5,84.05,3.33,,22.3,1016.7,36.5,20.4
2018-09-07,10.7,7.8,82.67,0.8,50,22.9,1013.1,46.8,23.9
2018-09-08,11.2,8.9,85.98,0.6,,20.2,1011.4,53.1,22.4
2018-09-09,12.4,10.1,86.57,7.74,48.2,33.9,1007.6,59.3,14.1
2018-09-10,11.3,9.8,90.42,17.22,,34.5,1010,62.2,12.6
2018-09-11,11.6,8.6,82.18,16.86,57.6,35.3,1009.7,50,13.4
2018-09-12,10.5,6.8,78.38,7.88,46.4,31.1,1017.5,34.7,18.2
2018-09-13,10.7,7.7,82.37,5.87,66.6,35.6,1015,56.1,15.3
2018-09-14,10,8,87.76,10.8,,29.3,1012.2,56.2,19.2
2018-09-15,10.1,8.2,88.89,0.2,,20.5,1017.7,50.1,19.8
2018-09-16,12.3,10,86.51,18.89,78.6,43.4,1007.4,59.9,13.2
2018-09-17,14,11.6,85.51,0.6,63,31.7,1009.3,72.9,11.4
2018-09-18,14.7,12.9,88.9,2.66,63,31.6,995.7,79.5,11.7
2018-09-19,10.6,7.5,81.15,51.8,96.5,69.8,994.1,59.3,10.9
2018-09-20,9,5.9,81.26,16.18,75.4,39,1001.3,36.4,19.3
2018-09-21,8.2,5.7,84.39,7.93,55.4,29.7,999.5,44.7,20.7
2018-09-22,8.2,4.4,77.29,3,59.4,28.2,1012.9,34.8,20.2
2018-09-23,6.5,3.4,81.82,0.2,48.2,29.5,1021.7,23.7,20.2
2018-09-24,8.6,5.2,79.57,0.4,48.2,22.9,1034.7,35.1,21.7
2018-09-25,9.5,7.4,87.43,2.01,70,39.3,1028.9,57.5,15.2
2018-09-26,14.2,13.5,95.38,8.07,77.8,41,1022.2,74.8,9.6
2018-09-27,11.5,8.6,82.55,5,77.6,35.9,1023.2,39,20.5
2018-09-28,7,4.2,82.89,0.4,29.5,22.1,1032.4,41.2,20.2
2018-09-29,8.9,6.7,85.91,0.6,77.8,32.8,1022.8,73.3,18.1
2018-09-30,8,5,81.18,2.73,58.5,35.5,1017.1,40.9,17.5
2018-10-01,7.2,5.4,88.5,1.74,56.5,31.4,1022.1,53.8,14.2
2018-10-02,10.1,5.5,73.6,1.66,69.2,36.5,1015.8,65.7,17
2018-10-03,10.5,9.2,92.12,0.74,63,31,1021,68.3,12.6
2018-10-04,11.2,9.9,91.31,8.21,76,35.2,1016.1,63.3,14.5
2018-10-05,6.8,3.8,82.42,1.2,51.8,21.6,1015.8,29.4,19
2018-10-06,5.5,3.2,85.88,0.4,,15.8,1017.4,25.9,19.1
2018-10-07,7.7,6.7,93.04,19.55,72.4,45.6,1013.3,56.4,12.3
2018-10-08,11.9,11,93.82,22.4,74.2,39.6,1007.4,67.4,9.1
2018-10-09,12.5,11.6,94.11,29.9,98.3,47.7,1005.3,66,8.2
2018-10-10,14.1,11.2,83.04,2.34,61.2,26.4,1009.2,37.8,20
2018-10-11,12.3,10.5,89.09,6.4,71.1,31.5,998.3,37.5,12.5
2018-10-12,10.9,9,88.38,20.34,109.4,47.2,992.6,47.6,16.5
2018-10-13,10.4,9.5,93.78,21.12,48.2,33.3,998.1,65.2,11.9
2018-10-14,7.6,5.3,86.48,1.68,53.6,19.8,1007.3,31.6,23
2018-10-15,7.2,4.2,82.3,0,,11.3,1014.7,30.5,19.3
2018-10-16,9.3,7.6,89.69,0.2,66.4,33.4,1009.2,55.3,17.5
2018-10-17,8.9,6.3,84.65,5.66,50,22.5,1017.2,38.3,16.5
2018-10-18,6.6,4.7,88.08,0,,16.1,1027.4,53.9,14.9
2018-10-19,8.4,6.3,87.3,2,57.4,23.7,1022.3,51.1,15
2018-10-20,11.8,11,94.79,1.34,50,25.1,1024.3,76.2,10.4
2018-10-21,10.9,8.3,84.62,2.27,63.5,34.2,1023.9,59.7,13.2
2018-10-22,8.7,5.4,80.04,0.4,89.9,40.8,1032.4,61.5,13.4
2018-10-23,10.9,9.3,89.93,1.86,89.5,40.3,1026,77.1,9.3
2018-10-24,10.2,8.5,89.12,0.8,,37.2,1026.8,75.5,22.9
2018-10-25,10.1,9,92.72,1.4,,28.7,1017.7,68.2,15.7
2018-10-26,5,1.7,79.56,2.2,38.9,29,1013.7,30.4,24.4
2018-10-27,2.9,-1.9,71.4,1.4,,21,1022.6,18.2,25.1
2018-10-28,3,-0.6,77.89,0.2,,15.3,1026.8,8.9,21.8
2018-10-29,1.2,-1.5,82.82,0,,19.9,1012.7,12,20.5
2018-10-30,3.2,1.3,88.01,1.2,,16.8,1001.4,57.7,17.5
2018-10-31,5.1,4,92.53,5.26,,21.3,1000.1,65.1,15.5
2018-11-01,3.7,2.4,91.71,2.33,27.7,16.9,1004.9,41,17.5
2018-11-02,4.7,2.4,85.93,0.2,,29.5,1017.9,30.5,20.8
2018-11-03,11.7,10.5,92.94,23.22,68.4,43.7,1004.4,71,11.5
2018-11-04,9.2,6.3,82.65,5.92,,32.4,1002.4,35.1,14.3
2018-11-05,8.1,7.3,94.72,3.39,,16.4,1003.3,70.3,7.9
2018-11-06,10.3,8.6,89.36,0,50,31.3,992.6,68.1,11.9
2018-11-07,10.2,8.5,89.35,7.68,,30,990,65.2,18.8
2018-11-08,6.5,4.7,88.17,1.47,,26.9,1004.5,39.9,16.6
2018-11-09,8.5,6.7,88.76,18.32,51.8,41.3,994.3,69.3,13.4
2018-11-10,7.3,5.8,90.09,22.7,,25.1,985.2,57.5,15.5
2018-11-11,5.8,5,94.42,6.8,,17.1,991,66.3,16.8
2018-11-12,8.3,6.6,89.12,15.47,38.9,21.7,997.3,51.1,16
2018-11-13,8.5,6.9,89.57,4.54,,27.2,1008.2,59.9,17.1
2018-11-14,11.8,10.8,93.96,27.18,59.4,32.9,1008.7,76.1,9.9
2018-11-15,10.8,8.8,87.94,1.87,,38.8,1012.4,67.6,20
2018-11-16,9,7.6,91.21,0.8,,16.3,1022.7,55.6,15.4
2018-11-17,8.1,5.4,83.75,0,,27,1029.3,31.3,12.6
2018-11-18,6.8,3.2,79.35,0.2,,20.5,1033.4,7.3,14.3
2018-11-19,6,3,81.35,0,,22.9,1030.4,58.4,19.2
2018-11-20,5,2.1,81.55,0.2,44.6,27.5,1023.1,53.2,20.5
2018-11-21,4.5,1.9,83.58,7.47,,29.5,1015.6,51.1,18.3
2018-11-22,2.8,1.5,91.07,0,,22.8,1021.3,43.3,14.1
2018-11-23,5.7,4.4,91.72,0.87,,15.9,1017.6,56.9,18.3
2018-11-24,2.9,2,93.55,0.2,,10.4,1017.4,43,17
2018-11-25,3.6,1.8,87.96,0.4,,17.6,1018.6,53.9,22.3
2018-11-26,2.1,0.7,90.95,1,,21,1018.9,48,23.5
2018-11-27,3,1.2,88.51,3.46,42.5,38.8,1009.3,46,16.4
2018-11-28,7.9,6.3,90.24,20.15,76,57.4,989.7,55.5,11.6
2018-11-29,6.8,5.1,88.78,19.32,64.8,47.7,985.5,54.7,12.8
2018-11-30,5,2.8,85.85,19.63,68.4,50.8,991.1,48.8,14
2018-12-01,3.4,2.5,93.72,1.6,55.4,25.2,997.1,47.7,14.9
2018-12-02,4.4,4.1,96.57,4,,13.4,988.6,68.5,10.6
2018-12-03,2.8,1.3,90.02,4.72,,24.4,997.8,24.7,26
2018-12-04,0.1,-0.5,96.15,0.4,,11.5,1017.2,37.4,19
2018-12-05,0.9,0.5,96.93,4.4,,27.6,1012.9,52.5,13.7
2018-12-06,7.1,6.2,94.6,6.6,,36.1,1003,54.7,9.3
2018-12-07,6.4,4.7,88.69,12.35,70.6,49.5,987.2,56.2,10.2
2018-12-08,5.8,4.3,90.36,15.74,64.8,43.4,988.7,49.6,16.4
2018-12-09,3.1,1.4,89.16,2.6,,16.1,1007.8,23.6,22.2
2018-12-10,1.4,0.4,93.37,0.2,,11.9,1024.8,36.9,17.3
2018-12-11,5.2,4.1,92.88,0.4,,25.6,1020.8,64.5,15.7
2018-12-12,5.8,3.8,87.01,0.2,,36,1017,69.1,15.6
2018-12-13,2.7,-1.9,71.95,0,44.6,35.4,1017.1,25.1,22.7
2018-12-14,0.4,-2.9,78.41,0,,25.9,1019.5,30.8,20.7
2018-12-15,-0.2,-2.1,87.04,19.63,,42.5,1002.1,58.9,10.9
2018-12-16,2.8,1.7,92.82,18.95,,38.3,996.7,47.3,17.7
2018-12-17,4.1,3.3,94.12,1.8,,38.9,1006.6,51.8,16.5
2018-12-18,7.7,6.2,90.36,22.5,70.6,50.5,994.8,56.4,14.2
2018-12-19,4,2.5,90.21,1.27,,23.1,994.9,29,18.6
2018-12-20,4,3.4,95.62,2.53,,24.1,994.8,56.6,18.2
2018-12-21,4.5,4,96.85,4.72,,22.7,995.1,53.9,14.1
2018-12-22,4.7,3.9,94.77,1.2,,21.9,1007.3,48.8,15.2
2018-12-23,2.2,1.8,97.21,1.2,,15.2,1018.5,31.5,7.3
2018-12-24,-1,-1.7,95.08,0,,8.4,1031.6,25.2,7.1
2018-12-25,3.5,3.2,98.35,0.4,,17.7,1029,64.3,6.7
2018-12-26,8.3,7.8,96.59,5,,30.1,1024.1,60.6,11.8
2018-12-27,8.3,7.7,95.51,1,,27.1,1023,66.8,11.9
2018-12-28,7,5.4,89.67,2.87,,33.1,1024.5,49.9,13.2
2018-12-29,7.4,5.6,88.34,9.16,72.4,53.8,1024.5,54.3,16.6
2018-12-30,8.6,7.7,94.31,3.4,,31.4,1029.2,68,13.8
2018-12-31,8.8,7.1,89.13,0.4,64.8,43,1027.8,66.4,15.6
2019-01-01,2.8,0.2,83.01,0.6,,30.8,1036.6,24.6,18.6
2019-01-02,-2.1,-3.4,90.77,0.2,,7.4,1045.1,47.3,13.9
2019-01-03,1.7,0.4,91.06,0,,9.6,1042,73.9,14.1
2019-01-04,4.1,2.3,88.27,0,,18,1040.3,70.6,17.5
2019-01-05,3.7,1.6,86.33,0,,14.9,1036.4,67.8,18.7
2019-01-06,6.4,6.4,99.27,2.47,,25.7,1033.7,66.6,5.6
2019-01-07,7.9,5.7,86.37,6.27,64.8,48.2,1022.9,57,11.5
2019-01-08,4.6,1,77.57,4,,33.1,1029.7,19.8,14.3
2019-01-09,1.4,0.2,92.14,0.2,,10.4,1033.3,40.6,14.1
2019-01-10,6.2,5,92.02,0.6,,21.5,1030.9,58.5,17.5
2019-01-11,6.6,4.9,89.19,0.2,,36,1028.2,63.2,20.8
2019-01-12,7.8,6.1,89.42,3.14,59.4,39.5,1015.2,60.6,12.2
2019-01-13,7,5,87.28,12.42,68.4,52.9,1008.4,46,12.9
2019-01-14,5.1,3.3,88.61,2.08,,34.9,1016.7,47.6,16.1
2019-01-15,8,6.9,92.5,3.4,53.6,40.8,1007.4,64,10.6
2019-01-16,3.5,1.7,88.31,10.14,50,33.3,997.1,39.1,19.1
2019-01-17,-0.6,-3.7,80.06,0.47,68.4,22.7,1013.6,12.3,20.3
2019-01-18,-0.6,-3.3,82.63,0.4,,26.6,1011.2,44.1,18.2
2019-01-19,1.3,0.2,92.35,2,,15.2,1009.2,61.7,13.2
2019-01-20,1.4,-0.2,89.57,0.53,,18.5,1018.7,42.8,14.3
2019-01-21,1.1,-0.2,90.63,5.13,48.2,37.8,1012.8,42.4,13
2019-01-22,-1,-1.7,94.75,7.33,,13.3,997.2,36.1,18.1
2019-01-23,-2.2,-2.8,95.54,6.28,,10.1,1002.4,36.2,10
2019-01-24,0.4,0,96.89,3.62,,12.8,1008.7,42.5,5.5
2019-01-25,7,6.2,94.73,0.87,,38.3,1006,63.9,10.8
2019-01-26,6.2,4.9,91.85,14.75,59.4,39.5,991.7,59.8,16.8
2019-01-27,1.5,-1.6,79.66,0.33,53.6,46.3,996.1,19.4,20.2
2019-01-28,0,-2.5,84.25,5.6,,16.9,1005,26.4,21.6
2019-01-29,-0.3,-1.3,93.24,6.93,,17.5,993.7,39.6,18.1
2019-01-30,-1.1,-2.2,92.72,110.2,,13.4,992.8,30.5,17.5
2019-01-31,-4.1,-5.1,92.83,90,,10.4,993.8,28.7,10.7
2019-02-01,-2.8,-4.8,86.72,90.2,,18.6,999.5,24.3,19.5
2019-02-02,-1.7,-5.3,76.68,120,,20.8,1012,10.8,23.7
2019-02-03,1.1,-0.1,92.04,113,,26,1013,46.9,13.6
2019-02-04,3.5,1.4,86.62,15.7,42.5,36,1010.2,36,16.7
2019-02-05,1.8,0.7,92.6,5.6,,26.9,1015,43.1,11
2019-02-06,4.2,2.4,88.02,23.28,,34.1,1007.5,39,14
2019-02-07,3.4,2.3,92.81,3.33,42.5,23.4,996.6,44.4,14.7
2019-02-08,5.6,4,89.81,33.55,87.1,59.2,976.8,61.1,9.9
2019-02-09,4.7,2.2,84.03,7.22,76,52.8,981.2,46.1,14.1
2019-02-10,2.2,0.7,90.46,1,,21.6,995,40.5,20.3
2019-02-11,2.3,0.4,88.02,0.33,,21.6,1021.9,24.6,21.9
2019-02-12,7.2,5.9,91.89,1,68.4,43.6,1022.7,49.4,12.4
2019-02-13,8,6.6,90.77,3,53.6,43,1021.8,55.4,11.1
2019-02-14,7.6,5.5,86.53,1,55.4,42.7,1024.4,49.4,11.3
2019-02-15,5.4,2.1,79.8,0.2,57.6,32.5,1017.6,26.6,11.7
2019-02-16,8.4,6.1,85.05,5.68,53.6,33.2,1011.4,63.1,15.1
2019-02-17,8.8,6.1,83.24,3.61,53.6,36.2,1003.1,59.5,13
2019-02-18,6.3,4,85.44,15.88,57.6,39,1001.8,59.6,14.7
2019-02-19,5.8,4.3,90.25,2.4,,22,1008.9,57.3,15.4
2019-02-20,9.2,8.2,93.67,10.27,57.6,38,1006.9,72.7,11.6
2019-02-21,10.3,8.5,88.85,2.8,,21.1,1018,68.2,15.1
2019-02-22,10.5,5.5,71.77,1,,26,1027.2,40.4,17.8
2019-02-23,9.5,5.6,77.98,2.34,,32.2,1026.6,40.8,13.5
2019-02-24,6.8,5.1,89.73,0.2,,20.6,1033.9,39.8,10.8
2019-02-25,8.2,4.7,79.66,0,,14,1033.2,19.2,9.6
2019-02-26,6.3,2.3,76.43,0,,9.6,1030.5,14.5,10.1
2019-02-27,5.4,2.5,81.71,0.2,,16.8,1022.6,7.9,7.1
2019-02-28,5.1,4.4,95.41,0,,12.9,1015.7,55.3,4.5
2019-03-01,5.9,4.7,92.02,0.2,,16.7,1014.5,67,7.5
2019-03-02,6.7,5,89.66,15.34,61.2,45.8,997.2,58.5,8.9
2019-03-03,6.1,3.2,82.3,20.95,72.4,52.4,985.1,66.4,10.9
2019-03-04,4.6,1.6,81.25,5.21,,31.2,985.6,32.9,19.8
2019-03-05,3.1,1.3,88.48,3,,20.3,992.6,47.7,17.6
2019-03-06,4.2,2.9,91.32,20.04,50,28.4,983,63.2,12.1
2019-03-07,4.3,2,85.78,2.53,40.7,31.7,987.7,47.5,19.6
2019-03-08,1.4,0.4,92.94,7.87,,31.7,1000.5,38.4,14.1
2019-03-09,3.1,0.4,82.55,6.54,57.6,35,1002.2,36.1,20.1
2019-03-10,1.2,-0.1,91.42,10.99,,37.9,1001.2,46,16.4
2019-03-11,3.6,1.1,84.06,7.33,63,46.3,1012.1,38.2,17.9
2019-03-12,5,3,87.36,27.89,81.7,52.7,986.4,59.7,9.5
2019-03-13,6,3.4,83.8,13.94,90.7,48.6,995.9,49.8,12.6
2019-03-14,6.4,3.9,84.53,25.62,63,40.8,994.5,54.6,11.9
2019-03-15,4.9,2,81.88,11.15,66.6,51.4,996.3,43.3,13.6
2019-03-16,1.8,0.5,91.19,21.61,40.7,24.9,990.1,62.3,15.2
2019-03-17,3.8,0.4,79.25,2.67,,37.6,1000.2,29.3,21.8
2019-03-18,4.4,3,90.54,0.67,,16.2,1016.7,61.8,17.7
2019-03-19,7.3,6.3,93.06,0.2,,29.7,1020.9,67.1,14.3
2019-03-20,9.1,8.1,93.74,1.73,,38.4,1024.4,65.4,11
2019-03-21,9.3,8,91.67,1.07,48.2,38.6,1026.4,62.1,15
2019-03-22,7,4.7,85.53,5.42,55.4,48.8,1018.9,47.7,12.6
2019-03-23,4.2,0.4,76.79,4.8,,30,1029,27.2,16.5
2019-03-24,5,1.9,80.57,4.54,64.8,44.3,1024.9,41.5,14.6
2019-03-25,6.1,1.8,74.02,2,,21.8,1032.4,39.2,14.7
2019-03-26,6.7,4.7,86.69,0.4,,29,1031.4,58.3,14.9
2019-03-27,7.8,5.8,87.25,0.2,,27.1,1032.2,61.8,14.3
2019-03-28,7.2,3.8,78.85,0,,34.1,1031.2,49.2,17.3
2019-03-29,6.6,4.3,85.57,0,,31.7,1024,55.2,12.7
2019-03-30,5.8,1.5,75.94,0.6,,27.1,1022.2,31.6,15.9
2019-03-31,3.2,-3,66.81,0,,16.2,1028.8,16.1,22.6
2019-04-01,3.2,1,85.8,3.01,,27,1018.2,48,17.5
2019-04-02,2.5,0.2,85.56,2.87,,18.8,1002.9,37,23.6
2019-04-03,2.5,-0.3,81.64,6.01,,34.1,999.9,48.3,23.8
2019-04-04,3.5,1,84.13,4.13,51.8,32.3,998.3,44.9,22.9
2019-04-05,6.7,1.7,71.64,0,55.4,37.7,1004.2,30.8,17.1
2019-04-06,4.4,2.2,85.91,4,40.7,20.9,1011.2,52.7,11.4
2019-04-07,6.2,5.1,93.14,0.4,,25.6,1013.8,76.6,11.1
2019-04-08,6.6,3.4,80.56,0.6,,24.3,1017.2,54,12
2019-04-09,6.7,1.5,70.79,0,,23.9,1021.4,32.1,18.4
2019-04-10,5.1,-1,69.13,0,,12.6,1024.1,4.2,19.2
2019-04-11,4.7,0,73.5,0,,15.2,1025.9,22.7,15.3
2019-04-12,5.2,0.1,71.86,0,,24.9,1027.4,24.4,15.8
2019-04-13,4.7,-1.9,63.9,0,57.6,32.7,1028.8,27,23.3
2019-04-14,4.4,-1.9,64.28,0,40.7,32.7,1027.6,39,24.6
2019-04-15,6.1,0.3,66.98,0,57.6,37.2,1021.4,31.5,16.9
2019-04-16,7.1,4.6,84.27,8,,28.9,1019,50.9,9.4
2019-04-17,7.9,4.2,78.46,0.73,,29.8,1022.9,31.1,13.7
2019-04-18,9.6,5.7,77.69,0,,24.7,1027.5,35.7,10.4
2019-04-19,12,5.3,66.97,0,,19.5,1030.2,16.9,14
2019-04-20,13.4,7.1,66.91,0.4,,17.9,1029.7,10.3,11.9
2019-04-21,13.1,7.5,71.06,0.4,,29.2,1017.2,19.7,10.7
2019-04-22,14.8,4.4,52.7,0,,33,1005.9,6.1,15
2019-04-23,12.2,5.4,63.86,0,53.6,30.8,1001.3,20,14.3
2019-04-24,10.4,6.6,78.36,0,55.4,32.2,995.9,49.3,9.9
2019-04-25,10.1,6.7,80.8,0.6,,28.5,996.2,48.7,17.9
2019-04-26,8.6,6.5,86.87,6.73,,28.5,999.1,56.1,20.6
2019-04-27,7.3,5.2,86.66,9.54,,24.1,1002.7,53.8,22.7
2019-04-28,8.9,6.1,82.94,0.8,,16.6,1019.9,55.8,21.5
2019-04-29,10.2,6.2,77.35,2,,19.1,1025.3,53.4,15.9
2019-04-30,9,7,87.27,0.47,,19.7,1023.2,52.8,11.8
2019-05-01,9.4,7.1,86.3,1,,14.4,1017.3,53.9,15.6
2019-05-02,7.9,4.4,80.22,1.14,,22.5,1014.4,42.2,20.3
2019-05-03,5.6,0.5,70.87,2.73,38.9,20,1018.1,51.3,22.2
2019-05-04,5.1,-1.9,61.37,0.6,,24.8,1025.5,30.6,24.5
2019-05-05,5.9,-0.1,66.38,0,,26.5,1026,48.2,24.1
2019-05-06,5.7,1.4,74.54,4.6,,18.8,1021,46.4,24.1
2019-05-07,5,2.4,83.62,4.85,33.5,15.4,1014.2,56.3,19.3
2019-05-08,5.7,3.1,83.9,0.2,50,28.7,1000.9,64.5,20.4
2019-05-09,6.9,0.9,67.36,1,,19.7,1002.4,53.2,22.6
2019-05-10,6.4,3,79.64,6.2,37.1,15.8,1009.5,55.9,19.3
2019-05-11,6.9,0.6,68.57,2.33,,22.3,1021.7,16.2,20.4
2019-05-12,8,-0.5,59.14,0,,18.2,1035,10.3,25.8
2019-05-13,11.4,3,58.37,0,46.4,23.6,1037.2,16.7,24.8
2019-05-14,12.7,4.4,60.07,0,,17.1,1033.5,0,21
2019-05-15,14.3,6.6,62.09,0,,17.2,1026.4,2.7,20.2
2019-05-16,13,6.6,66.25,0,50,31.6,1021.4,23.3,17.5
2019-05-17,12,4.5,61.82,0,38.9,21.4,1017.1,29.3,21.7
2019-05-18,9.8,8.4,90.96,6.75,,14.1,1009.7,72,17
2019-05-19,10.3,8.5,88.83,6,,14.2,1009.5,67.5,19
2019-05-20,10.8,7.8,82.18,1.2,,18.7,1013.7,62.6,22.2
2019-05-21,10.7,5,69.7,2,,25.7,1018.1,31.3,26.3
2019-05-22,8.8,4.7,76.04,0.4,,26.1,1017.6,33.6,24.9
2019-05-23,9.3,5.9,79.69,0,,29,1014.6,67.9,26.9
2019-05-24,10.5,5,69.72,0,,28,1016.6,40.9,22.8
2019-05-25,9,7.2,88.78,4.87,,17,1015.9,47.8,12
2019-05-26,11.3,9.7,89.45,17.56,64.8,36.6,1005.7,61.1,10.9
2019-05-27,9.1,5.5,79.37,2.6,,30.2,1006.1,59.8,23.5
2019-05-28,8.5,2.9,71,4.19,,18.9,1013.2,33.3,22.4
2019-05-29,7,4.8,85.89,4,,14.1,1013,45.4,17.7
2019-05-30,11.4,11,96.71,14.45,,18.2,1011.4,65.5,10
2019-05-31,11.5,11.1,96.57,17.27,,30.6,1014.5,74.4,7.6
2019-06-01,12.4,9.4,82.48,1.34,,24.6,1014.7,53.9,16
2019-06-02,13.6,11.2,86.45,10.92,64.8,40.7,1000.2,59.9,14.1
2019-06-03,10.8,8.8,87.84,5.87,61.2,37.9,1000.5,64.8,14.2
2019-06-04,11,7.9,82.49,2.53,,18.9,1005.2,53.5,17.9
2019-06-05,9.9,8.5,91,13.79,,15.7,1002.4,62.9,18.4
2019-06-06,11,7.6,80.3,8.64,,24.5,1006.1,50.2,22.9
2019-06-07,11,6.6,75.25,1.4,,25.2,1008.3,25.9,24.6
2019-06-08,11.8,7.4,75.7,0.4,,23.4,1008.5,45,21.1
2019-06-09,10.7,7.4,80.76,1.8,,21.7,1015.5,44.1,24
2019-06-10,10.5,6.5,77.85,0,27.7,18.6,1020.2,32.6,19.2
2019-06-11,11.2,6.2,72.2,2.48,,25.6,1023.2,59.1,22.7
2019-06-12,10.3,6.1,75.45,0,,24.6,1018.5,51.5,26.8
2019-06-13,9.7,4.6,71.36,0.2,,18.5,1006.5,63.2,27.2
2019-06-14,10.1,5.5,74.51,1.2,,25.8,1004.1,46.2,22.1
2019-06-15,11.7,8.4,80.38,5.06,,25.1,1007.7,57.6,18.5
2019-06-16,11.4,7.6,78.38,5,,21.4,1008.3,48.7,20.2
2019-06-17,11.6,9.1,85.39,8.94,55.4,34.2,1007.4,60.6,15.9
2019-06-18,11.6,9.1,85.1,3,,27.7,1009.7,57.1,17.7
2019-06-19,11.9,8.9,82.43,0.2,77.8,28,1006.9,55.4,18.8
2019-06-20,9.7,7.2,84.78,11.4,50,27.9,1007,49.3,20
2019-06-21,9.2,5.1,76.76,3.73,55.4,23.9,1016,33.6,21.9
2019-06-22,11.6,6,69.63,0,,20.4,1020.7,24.6,24.9
2019-06-23,13.7,8.2,70.66,0,,27.8,1020.4,28.3,23.2
2019-06-24,12.2,10.4,88.84,7.61,,28.2,1019.9,62.9,20.8
2019-06-25,14.2,11,82.15,0.73,,25.5,1024.4,49.3,17
2019-06-26,14.3,7.9,66.62,0,,16.5,1031.2,23.8,18
2019-06-27,16.3,9.8,66.78,0,,19.9,1031.3,0,17
2019-06-28,16.8,10.7,68.18,0,46.4,26.5,1024.5,15.5,18.4
2019-06-29,15.8,13.1,83.96,0.4,,19.6,1013.9,45.7,11.5
2019-06-30,12.8,10.5,86.54,3.2,68.5,43.6,1008,40,13.9
2019-07-01,11.5,8.9,84.7,0.4,50,35.9,1015.4,34.8,15
2019-07-02,11.5,7.3,76.54,0.2,,32,1025.1,28.5,18.9
2019-07-03,11.1,8.4,83.77,0,,24.7,1028.5,39.8,22.8
2019-07-04,11.9,9,82.87,0,,30.3,1023.7,47,27.8
2019-07-05,12.6,11.3,92.38,0.6,,32.8,1016.7,59.3,26.2
2019-07-06,11.7,6.6,72.26,0,,24.8,1013.6,30.2,31.3
2019-07-07,11.3,5.1,67.81,0,,13.8,1018.1,26.3,33.2
2019-07-08,11.2,6.9,75.32,0,,18.4,1020.8,30.3,25.7
2019-07-09,12.7,12.3,97.2,17.13,,21.2,1018.4,56.6,10.8
2019-07-10,14.8,13.9,94.43,15.85,,16.2,1014.5,61.3,12.5
2019-07-11,15.1,13.1,88.4,5.06,,22.1,1009.3,59.4,16.4
2019-07-12,14.5,11.6,83.29,0,,20.4,1015.1,40.6,26.5
2019-07-13,14.5,10.6,78.83,0.2,,26.8,1023,41,29.6
2019-07-14,14.3,8.5,70.18,0,,12.1,1025.1,29.9,32.6
2019-07-15,15,10.3,75.15,0,,12.9,1021.7,26.5,19.1
2019-07-16,14.7,11.5,81.98,0,,16.7,1017.1,31.8,17.1
2019-07-17,13.5,12.2,91.85,1.74,,33.8,1008.8,49.5,13.6
2019-07-18,12.5,10.8,89.25,16.47,48.2,29.3,1004.7,45.4,16.2
2019-07-19,13.5,11.5,88.52,12.33,,17.8,1004.4,49.1,15.2
2019-07-20,13.8,11.2,85.16,12.05,,25.6,1002.8,41.1,24.8
2019-07-21,13.9,12,88.16,1.86,,31.9,1011.3,53.8,20.2
2019-07-22,17.2,15.4,89.32,12.08,63,42.7,1009.4,44.3,12.2
2019-07-23,18.3,14.7,80.45,0.2,,26.2,1014.1,36.4,25
2019-07-24,17.6,14.8,83.65,4.2,35.3,24.4,1008.7,40.8,20
2019-07-25,19.6,14.6,74.71,0,37.1,28.5,1008.7,20.4,24.8
2019-07-26,18.8,14.1,74.66,0,,29.1,1008,41.3,22.1
2019-07-27,14.7,13.5,92.62,12.21,,14.1,1009.6,46.3,18.4
2019-07-28,16.8,15,89.56,3.4,37.1,21.7,1007.3,52.4,13.7
2019-07-29,15.9,14.2,89.48,1.8,,13.1,1006.3,56.9,19.2
2019-07-30,15.4,12.6,84.39,0.4,,14.4,1008.3,34.9,15.1
2019-07-31,15.8,13,83.99,12,44.6,15.2,1011.5,33.4,13.2
2019-08-01,15.7,13.4,87.12,1.2,,15.4,1018.5,31.4,15.4
2019-08-02,16.1,12.4,79.82,4,,13.3,1021.3,37.5,20.9
2019-08-03,15.7,12.2,80.75,9,,15.8,1018.2,24,14.7
2019-08-04,15.3,13.6,89.7,7,,20,1010.8,45.3,13.7
2019-08-05,14.4,12.2,86.88,5,,26.8,1003.1,39.6,16.6
2019-08-06,13.2,11.2,88.1,5.6,,15.9,999.4,34.5,13.3
2019-08-07,13.4,11.3,87.73,29.6,,23.6,999.6,30,24.2
2019-08-08,13.9,10.9,83.2,0,44.6,28.2,1007.2,34,24.6
2019-08-09,13.4,12.4,93.49,28.82,57.6,36.4,998.3,47.4,17.7
2019-08-10,15.6,13.2,86.47,6.32,,16.4,991.3,37.1,20.1
2019-08-11,11.3,10.3,93.55,15.18,,16,1004.8,54,17.8
2019-08-12,9.4,6.8,84.23,3.79,,18.5,1012.4,33.7,21.8
2019-08-13,9.9,7,83.35,0.67,,25,1013.6,24.7,24.4
2019-08-14,10.6,9.5,92.97,4.6,,18.7,1007.3,51,16.4
2019-08-15,12.4,9.2,82.08,6.39,,28.8,1006,49.1,22.2
2019-08-16,13.6,12.3,92.12,9.46,50,34,998.7,46.7,14.1
2019-08-17,11.9,9,82.82,15.07,63,40.1,993.4,31,17.7
2019-08-18,11.6,10,89.81,11.77,59.4,38.6,993.3,45.6,14.2
2019-08-19,12.1,9.9,86.99,6.53,,30.4,1005,46.8,15.8
2019-08-20,12.1,9.1,82.68,3.6,,22.2,1017.1,38.5,18.7
2019-08-21,12,10.5,90.61,6.86,51.8,38,1017.6,49.2,14.7
2019-08-22,12.8,11.1,89.34,4.14,53.6,34.9,1013.4,46.7,13.2
2019-08-23,15,12.5,85.05,0.73,,33.8,1018,48,17.9
2019-08-24,15.9,11.9,78.27,0.2,,20.6,1017.3,29.7,19.9
2019-08-25,17.7,12,70.96,0,,20.9,1017.4,5.3,17.1
2019-08-26,14.9,12,83.9,0,44.6,24.5,1016.8,42.2,14.9
2019-08-27,14.1,11,82.82,0,57.6,19.5,1013.9,31.7,19
2019-08-28,13.3,10.8,85.03,1.4,,28.7,1007.9,46.6,20.7
2019-08-29,12.4,10.5,88.74,4.28,66.6,40.9,1009,50.5,15.5
2019-08-30,13.6,12.4,92.67,30.66,70.6,40.8,1006.9,61.3,9.3
2019-08-31,11.7,10.1,90.2,41.57,55.4,35.1,1002,38.4,15.9
2019-09-01,9.6,7.1,85.03,8.88,,24.2,1013.1,34.6,25.4
2019-09-02,11,10.3,95.2,9.41,,35.3,1014.2,60.7,11.8
2019-09-03,12.9,12.3,95.9,4.53,,25.5,1013.4,55.6,19
2019-09-04,10.2,7.8,85.06,6.26,46.4,35.6,1009,39.8,19.5
2019-09-05,10.4,7.1,80.34,0.94,,36.9,1021.1,36,16.4
2019-09-06,11,8.8,86.07,4.81,70.9,41.9,1013.8,44.5,18.1
2019-09-07,9.7,5.2,75.06,0,,14.3,1025.3,9.9,24.1
2019-09-08,8.7,6.4,85.86,0,,14.4,1022.2,38.2,17
2019-09-09,11.5,10.4,92.74,20.78,,19,1011.1,56.1,17.5
2019-09-10,10.3,8,86.65,0.2,,44.6,1014.8,42.1,19.7
2019-09-11,12,10,87.89,15.87,66.6,42,1009.5,42.7,15.8
2019-09-12,10.9,9.2,88.97,1.73,,26.4,1019.8,40.6,16.2
2019-09-13,10.6,7.2,80.09,1,,26.1,1032.7,26.6,16.7
2019-09-14,11.6,9.5,87.19,8.2,83.5,44.9,1024.9,53.4,12.5
2019-09-15,9.5,5.6,77.26,4.01,,35.2,1021.2,36.4,12.1
2019-09-16,8.9,6.6,86,0.4,46.4,28.1,1022.5,49.1,14.1
2019-09-17,8.8,4.3,74.54,0.53,,23.3,1026.2,25.8,16.8
2019-09-18,10.5,8.5,87.65,0,,21.7,1029.1,52.3,24.9
2019-09-19,11.8,8.4,80.96,0,,16.3,1030.1,28.6,22.5
2019-09-20,13.2,7.5,68.83,0.4,,23.7,1024.3,9.9,13
2019-09-21,14.5,8.8,70.26,0,38.9,28.7,1011.8,4.4,19.2
2019-09-22,13.5,11.8,89.44,12.4,44.6,22.4,1003.2,40.4,12.4
2019-09-23,13.3,11.1,86.98,3.74,,28.5,1003,52.8,17
2019-09-24,13.6,12.5,93.33,3.07,,29.6,997.5,50,17.9
2019-09-25,13.4,12.5,94.22,6.32,,19.2,995.9,53.6,19.9
2019-09-26,11.5,10.5,93.44,17.33,,27.9,992,46.2,15
2019-09-27,9.9,8.7,92.17,14.13,46.4,16.4,994.2,38.6,19
2019-09-28,9.9,8.2,89.76,0,,16.6,1000,37.1,21.8
2019-09-29,11,8.7,86.13,1,,17.2,1000.3,46.4,22
2019-09-30,9.2,7.5,90.08,1.2,,26.8,1007,34.9,21.7
2019-10-01,6.5,2.2,74.9,0.4,,21.4,1007.5,32.4,28.4
2019-10-02,5.3,1.8,79.71,0.2,,17.4,1018.8,14.5,30.1
2019-10-03,5.1,2.8,85.9,0,46.4,32.3,1013.4,24.9,22.2
2019-10-04,9.2,6.9,86.1,9.7,,30.7,1005.8,59.5,17.8
2019-10-05,8.5,7.2,91.89,3,37.1,27.6,1012.6,49.3,21.2
2019-10-06,8.8,8,94.82,23.3,,27.2,1010.8,57.6,18.9
2019-10-07,10.7,8.7,88.09,10.2,35.3,37.9,1004.4,48.9,16.3
2019-10-08,9.3,7.4,88.2,33.17,46.4,41.9,993.5,47.5,13.2
2019-10-09,9.1,7,86.94,15.81,,32.5,992.7,39.3,15.8
2019-10-10,10,8.5,90.32,14.01,46.4,30.9,996.8,52.2,14.9
2019-10-11,9.9,7.1,83.31,22.68,51.8,35.8,993.4,45.5,16.6
2019-10-12,8.3,6.5,88.52,6.53,,22.4,1000.6,42.2,24.2
2019-10-13,7,6.5,96.71,6.8,,11.1,1002.3,49.7,13
2019-10-14,8.4,6.7,89.32,2.33,,15,1007,47.5,17.4
2019-10-15,9.5,7.2,85.61,0,,15.3,1002.1,62.3,18.9
2019-10-16,9.3,7.3,87.73,6.46,,20.7,997.4,46.9,18.3
2019-10-17,7.6,5.8,88.74,2.2,,23.4,998.9,40.3,17.7
2019-10-18,8.4,6.7,89.58,3.26,,17.2,994.9,56.7,20.7
2019-10-19,8.4,5.5,82.75,2.86,,21.2,1001.5,52.8,29.3
2019-10-20,6.5,2.2,74.71,0.4,,24.8,1016.9,26.4,27.5
2019-10-21,4,1.8,86.23,0.2,,20.7,1023.3,47.7,24.5
2019-10-22,9.3,6.9,85.31,0,,28.2,1015.6,72,21.7
2019-10-23,10.1,7.6,85.12,1.8,50,37.9,1006.1,56.9,16.5
2019-10-24,8,5.8,86.21,6.8,,33,999.4,41.4,20.7
2019-10-25,3.3,0.5,82.59,1,,30.9,1005.3,25.7,22.9
2019-10-26,3.4,1,84.61,3.2,83.5,29.5,1004.3,24.3,28
2019-10-27,5.5,2.7,82.51,3.34,40.7,27.2,1018.8,22.8,25.7
2019-10-28,2.7,0.4,85.63,0.4,,11.9,1029.2,21.2,25.4
2019-10-29,3.3,1,85.8,0.2,,13.7,1032.1,41.6,28.1
2019-10-30,3.9,1.9,87.6,0,,18.5,1029.2,36.5,18.8
2019-10-31,4.1,0.9,80.95,0.2,42.5,22.7,1019.6,22.4,16.2
2019-11-01,7.1,6.4,95.25,13.8,,13.9,994,77.1,7.4
2019-11-02,9.2,8.5,95.22,7.46,,19.6,975.1,61.1,16.9
2019-11-03,7.6,6.2,90.8,0.4,,19.9,981.2,48.5,25.9
2019-11-04,8,5.6,85.64,2.47,53.6,31.4,989.9,58.2,23.8
2019-11-05,5.2,2.3,81.97,0.2,,22.9,1006.9,50.8,29.3
2019-11-06,3.4,1.9,90.24,2.2,,18.1,1002.7,48.3,14.2
2019-11-07,4.6,2.1,83.84,4.87,48.2,35.3,1000.3,56.7,22
2019-11-08,1.3,-2.1,78.85,0.2,,15.8,1013.4,7.7,26.9
2019-11-09,0.7,-1.6,84.44,0,,22.4,1008.8,29.4,31
2019-11-10,0.8,-2,82.57,0,,26,1013.4,22,26.7
2019-11-11,3.5,2.1,91.16,15.86,50,32.9,991.5,56.9,15.6
2019-11-12,3,1.4,89.78,4.46,44.6,27.8,995.6,25.4,31.6
2019-11-13,-1,-2,92.96,0,,13.6,998,27.7,23.5
2019-11-14,0.5,-2.7,79.54,0,,18.3,1009.3,16.1,36.9
2019-11-15,2.9,-0.3,79.62,0,72.4,18.6,1016.7,25.6,31.6
2019-11-16,1.3,0,91.14,0,,10,1011,28.5,26.9
2019-11-17,0.8,-0.4,91.72,0.2,,9.8,1016.1,23.9,17.7
2019-11-18,-2.1,-4,87.15,0.2,,9.6,1019.4,11.1,14.3
2019-11-19,-1.2,-3.4,85.39,0,,24.9,1013,43.7,16.8
2019-11-20,3.3,1.9,90.89,4.52,,28.4,1008.7,44.3,16.9
2019-11-21,3.1,0.1,80.34,0.2,,29.6,1006.1,31.7,24.9
2019-11-22,4.9,2.6,85.16,0.2,51.8,25.9,998.5,42.2,21.1
2019-11-23,6.5,4.9,89.73,0.8,57.6,22,1002.4,51.9,19.7
2019-11-24,7.2,6.7,96.5,2.2,,15.8,1001.9,65.4,10.8
2019-11-25,7,5.9,93.04,3.2,,23.7,1000.6,57.5,10.9
2019-11-26,7.7,6.9,94.91,6.33,,23.2,991.3,59.1,11.4
2019-11-27,6,5.7,97.05,6.53,,17.9,988.4,54,16.9
2019-11-28,3.5,0.8,82.57,0,72.4,24.9,1001.2,37.9,37
2019-11-29,-0.6,-2.9,85.4,0,,13.1,1018.3,15.8,27.5
2019-11-30,-3.7,-5.4,88.69,0,,6.2,1025.3,3.6,18.5
2019-12-01,-2.6,-3.6,92.43,0,,13.2,1029.2,24.3,13.8
2019-12-02,4.8,4,94.57,0.47,,28.2,1028,62.6,21.7
2019-12-03,6.1,3.3,82.74,0,,30.7,1020.9,66.1,21.1
2019-12-04,5.9,3.7,85.98,2.95,,36.8,1011.2,49.9,18.5
2019-12-05,7,5.9,92.44,21.14,85.3,56.6,1001.2,52.7,11.4
2019-12-06,8.1,6.9,92.46,14.14,53.6,39.4,995,54,18.5
2019-12-07,7.2,6.6,95.79,11.8,66.6,52.2,998.5,52.6,15.7
2019-12-08,4.3,2.8,89.72,35.68,70.6,46,980.7,41.5,17.2
2019-12-09,3.4,0.8,83.8,3,51.8,27.8,1008.7,26.2,21.6
2019-12-10,6.6,5,89.58,39.5,81.7,52.3,993.4,57.1,13.2
2019-12-11,3,0.9,85.93,10.15,61.2,40.4,992.2,45.7,18.5
2019-12-12,2.2,1.1,92.35,8.66,,27,982.1,59.5,17.4
2019-12-13,1.9,1,94.29,3.4,,17,973,39.1,26.9
2019-12-14,1.5,0.6,93.85,15.53,51.8,40.1,974.9,48.7,16.4
2019-12-15,1.1,-0.2,91.13,12.72,,24.7,983.1,34,24.7
2019-12-16,2.7,1.7,92.98,10.94,,32.1,989.6,63.6,16.2
2019-12-17,2.9,1.8,92.45,6.13,44.6,26.8,995.1,47.9,25.9
2019-12-18,1.5,0.8,94.92,3,,36,1000.4,44.5,14.3
2019-12-19,6.3,4.9,90.81,9.46,44.6,36.5,988.2,43,19.1
2019-12-20,5.8,4.8,93.58,13.92,70.6,27.6,975,59.1,22.4
2019-12-21,3.4,2.3,92.82,0.53,,27.3,975,54.1,20.8
2019-12-22,2.9,2.5,97.18,0.8,46.4,13.7,981.7,57.8,12.9
2019-12-23,5.6,4.5,92.84,5.85,,25.8,995.9,56.2,17.7
2019-12-24,3.1,2.5,96.17,1.4,,14.5,1004.4,40.5,22.7
2019-12-25,3.4,2.5,93.73,0.4,,16.2,1020.2,47.9,28.9
2019-12-26,3.1,1.3,88.08,0,,31.8,1016.8,49.3,26.9
2019-12-27,6.9,5.9,93.49,4.54,,26.6,1022.3,73.3,14.1
2019-12-28,9.3,7.9,90.7,11.15,50,41.8,1025,53.9,13.6
2019-12-29,10,7.7,85.62,2.41,90.7,42.7,1020.8,59.8,15
2019-12-30,7.2,5.1,86.61,1.14,,33.8,1022.6,52.3,18
2019-12-31,0.4,-0.9,91.12,0.2,,10,1032.6,19.8,15.1
2020-01-01,4.7,2.8,87.69,0.2,,26.7,1023.1,69.6,16
2020-01-02,7.7,6.1,89.33,12.37,66.6,42,1005.1,50.2,13.9
2020-01-03,4.5,1.7,81.83,4.07,51.8,34.3,1016.9,40.8,19.5
2020-01-04,7.1,5.8,91.44,7.8,,31.5,1025.6,58.8,18.1
2020-01-05,8.1,6.8,91.53,1.2,51.8,37.7,1021.3,68.3,16.8
2020-01-06,7.3,5,85.43,17.01,64.8,44.5,1007.7,60.6,17.6
2020-01-07,9.1,7.1,87.2,32.08,87.1,54.9,1002.6,64.5,11.5
2020-01-08,4.3,1.5,82.3,10.48,67.4,35.2,1012.6,40.9,18.7
2020-01-09,1.4,0.2,91.48,0.6,,12.3,1008,36.9,19.7
2020-01-10,2.5,1.4,92.93,3.8,72.4,51.7,1014.8,43.8,9.7
2020-01-11,7.1,6.3,93.78,46.16,81.7,63.5,1003.8,50.8,14.2
2020-01-12,2.4,0.9,90.25,9,68.4,33.7,1008.7,30.5,23.7
2020-01-13,4.9,2.4,84.41,8.96,94.5,63.7,990.8,57,17.6
2020-01-14,2.8,0,82.07,10.35,76,50.1,980,45.5,18.3
2020-01-15,4.4,1.3,80.66,30.25,77.8,51.6,990.1,53.2,16
2020-01-16,5.8,3.7,86.74,16.36,53.6,44.4,999.8,47.2,18.9
2020-01-17,3.5,1.3,86,7.4,,37.3,1004.5,38.5,17.8
2020-01-18,1.4,-0.5,86.88,5.21,,23.2,1025.2,15.2,27.3
2020-01-19,1.7,-0.1,88.24,0.2,46.4,33.5,1041.4,29.4,23.1
2020-01-20,6.1,4.6,90.12,0,92.4,35,1041.8,69.4,18
2020-01-21,7.6,7.1,96.39,0.4,,32.4,1038.1,57.6,23.9
2020-01-22,8.2,8,98.06,0.4,,22.5,1036.9,69,18.3
2020-01-23,6.4,5.5,93.55,0.2,72.5,30.6,1028.2,56.9,24.8
2020-01-24,6.6,5.8,94.61,2.27,74.7,31.6,1018.7,65,15.7
2020-01-25,5.9,4.3,89.5,0.2,79.6,34.1,1009.9,70.6,20.6
2020-01-26,4.4,2.6,88.08,10.8,81.1,33.7,998.5,46.2,16.8
2020-01-27,1.8,-0.3,85.91,3.21,59.4,38,989.2,48.7,18.9
2020-01-28,0.8,-0.1,93.54,4,70.6,29.7,986.1,46.4,20
2020-01-29,3.7,2.6,92.43,32.48,80.8,43.9,995.1,44.2,12.5
2020-01-30,6.5,4.8,88.59,29.94,81.7,57.6,991.2,53.1,15.6
2020-01-31,8,6.6,90.93,9.66,76.2,39.7,990.2,59.1,10.9
2020-02-01,6.2,4.6,89.14,15.3,63,40.8,990.8,46.8,20.9
2020-02-02,3.2,2.4,94.43,11.52,,28,998.7,54.9,14.7
2020-02-03,4.2,1.4,82.51,14.88,93.6,50.6,1000.4,44.4,15.6
2020-02-04,4.9,2.1,82.46,5.53,61.2,42.5,1018.6,42,21.9
2020-02-05,4.8,3,87.86,0.4,68.4,21.3,1032.7,64.3,19.8
2020-02-06,5,2.7,85.28,0,46.4,18.7,1028.2,58.1,19
2020-02-07,2.9,-0.9,77.82,0.2,50,29.6,1011.6,26.5,13.6
2020-02-08,4.7,2.5,86.18,14.95,89.3,65.9,995.3,51.8,13.6
2020-02-09,4.6,2.8,88.98,45.27,122,69.1,969.2,56.2,13.3
2020-02-10,1.2,-0.5,88.02,15.81,79,46.3,978.6,37.1,15.7
2020-02-11,1.4,-1,84.1,15.36,68.4,44.9,988.9,38.8,14.2
2020-02-12,0.9,-2,81.47,23,70.6,41.4,1001.9,25.7,22.4
2020-02-13,1.4,-1.1,83.77,6,51.8,26.2,999.4,39,22.8
2020-02-14,4.5,2.1,84.84,11.6,63,43.3,1003.4,51.4,15.9
2020-02-15,5.1,3.2,87.46,47.89,68.4,48.5,985.7,42.5,12.3
2020-02-16,4.1,0.7,78.82,13.5,88.9,64.3,972.2,55.5,14.8
2020-02-17,4.3,2.2,86.12,28.41,87.1,59.9,990.6,50.2,12.2
2020-02-18,2.4,0.5,87.24,19.28,55.4,37.6,1003.2,36.2,17
2020-02-19,4.2,2.8,90.55,13.35,61.2,46.1,1004.9,47.6,12.4
2020-02-20,3.7,1.7,87.23,18.39,57.6,41.8,997.9,47.9,12.1
2020-02-21,6.5,5.2,91.31,37.88,72.4,54.8,1000,65.6,6.7
2020-02-22,3.2,0,79.65,25.48,83.5,60.5,999.6,41.7,16.8
2020-02-23,2.3,0.3,86.77,13.06,,46.2,1009.4,35.7,17.2
2020-02-24,1.3,0.1,91.64,6.2,,24.4,1002.1,63.1,16.5
2020-02-25,1,0,93.07,5.6,,17.5,992.7,51,24.2
2020-02-26,0.6,-1.4,87.49,0.8,46.4,32,997.8,39,26
2020-02-27,1.1,-0.8,87.71,4,57.6,34.3,1000.1,35.9,22.9
2020-02-28,2.2,1,91.62,18.6,,35.9,993.7,59.5,14.8
2020-02-29,2.4,0.8,89.66,17.28,53.6,40.7,967.4,52.4,13.2
2020-03-01,3.2,1.3,87.78,22.82,77.8,49.1,969.5,54.9,15.3
2020-03-02,2.6,0.6,87.11,18.14,,34.5,982.1,38.9,19.9
2020-03-03,3.3,1.4,87.93,7.2,,31.7,995.3,39.1,18.6
2020-03-04,2.1,-0.1,86.09,0.6,,16.4,1005.7,34.4,22
2020-03-05,1.4,0.1,91.87,1.4,,9.6,1000.3,47.4,17.9
2020-03-06,1,-0.3,91.73,0.6,,18.6,1003.6,39.3,19.7
2020-03-07,6.2,5.4,94.85,9.42,72.4,49.2,998.6,62.6,10.7
2020-03-08,5.6,3.4,85.87,18.64,68.4,42.9,992.1,51.5,23.3
2020-03-09,5.1,3.8,91.62,8.66,48.2,31.4,997.6,49.6,17.1
2020-03-10,6.5,4.4,86.34,15.39,63,39.8,991.7,49.9,15.5
2020-03-11,3.7,1.1,83.6,9.94,70.6,46.3,994.6,47.7,17.7
2020-03-12,2.3,0.7,89.38,12.47,63,36.9,993.1,56,16.5
2020-03-13,2.4,-1.1,78.27,30.6,,26.3,1014.4,27,24.8
2020-03-14,4.4,2.7,88.72,36.99,59.4,38.2,1002.8,49.6,14.5
2020-03-15,5.3,3.2,86.36,11,67.4,42.7,997.5,52,19.4
2020-03-16,4.1,2.1,87.41,9.83,70.6,48.9,1012.3,48.6,16.5
2020-03-17,5.4,3.2,86.11,8.99,,37.7,1013.9,48.6,16.6
2020-03-18,3,0.5,83.96,4.67,,32.2,1019.6,33.3,18.7
2020-03-19,3.3,0.3,81.24,3.2,,21.8,1028.4,31.8,23.1
2020-03-20,2.1,-2.4,74.54,0.2,,20.7,1035.6,9.5,24.8
2020-03-21,3.2,-1.9,70,0,,28.7,1030.8,23.3,28.9
2020-03-22,3.1,-1.8,71.38,0,74.2,23.5,1027.9,18.5,20.1
2020-03-23,5,0.4,72.34,0,85.3,40.6,1020.9,25.9,16
2020-03-24,7.2,4.3,81.92,4.4,102.7,49.6,1015.3,44.2,14.7
2020-03-25,6.9,6.2,95.37,1.2,93.4,41.1,1020.4,57,9.4
2020-03-26,5.5,4.9,96.02,4.07,,16.2,1027.1,63.5,18.1
2020-03-27,5.1,3.5,89.89,1,,19.2,1031.2,59.3,25.1
2020-03-28,2.4,-2.1,73.47,0,37.1,29.5,1040.7,29.4,31
2020-03-29,3.4,-4.1,59.24,0,,23.1,1048,42.4,32.7
2020-03-30,5.6,1.3,75.28,0.4,,19.1,1040.3,35.7,29.3
2020-03-31,5.8,1.8,76.25,0.4,,22.5,1035.1,69,32.4
2020-04-01,6.2,3.2,81.41,1.2,46.4,28.6,1022.2,59.9,26
2020-04-02,5.7,1,72.52,1.27,53.6,43.4,1011,56.2,25.2
2020-04-03,3.8,1.4,84.39,0.4,,21,1012.9,54.8,28.5
2020-04-04,6.9,3.9,81.8,1,,26.8,1013.2,52.4,27.3
2020-04-05,10.8,4.1,64.87,0.8,46.4,34.7,1005.9,22.6,27.4
2020-04-06,8.9,4.3,73.82,8.88,51.8,41.1,1007.9,36.8,18.2
2020-04-07,7.2,2.4,73.14,0,38.9,31.4,1025.1,22.9,19.9
2020-04-08,8.8,6,83,1.4,,22.4,1023.7,58.6,18.6
2020-04-09,6.6,5.4,91.74,3.67,,20.9,1027.3,71,16.6
2020-04-10,9.9,7.4,85.49,0,,10.4,1023.4,37.6,14.3
2020-04-11,10.2,7.2,82.37,2.4,,29.6,1019.5,47,23.6
2020-04-12,7.9,3.3,74.74,0.4,,29.4,1018.7,44.6,23.3
2020-04-13,4.3,-3.5,57.73,0,,22,1032,31,23.9
2020-04-14,4.9,0.2,73.13,0,,23.4,1027.4,3.5,20.6
2020-04-15,7.2,4.1,81.14,0,,24.3,1022.1,35.8,26.4
2020-04-16,7,3.6,80.56,0,,28.6,1020.4,36,23
2020-04-17,6.7,2.7,76.1,0,,26.7,1022.1,39.7,21.2
2020-04-18,6.2,0.3,66.61,0,,25.9,1022.3,27.5,26
2020-04-19,7.1,1.7,70.87,0,,29.2,1024.9,5.2,25.7
2020-04-20,8.2,1.4,64.66,0,55.4,35.6,1027,1.4,29.6
2020-04-21,8.8,1.6,62.7,0,70.6,38.8,1027.6,1.7,31.3
2020-04-22,9.9,3.2,65.02,0,,27.1,1028,2.1,27.5
2020-04-23,10.5,2.8,61.36,0,,15.4,1024.4,9.6,24.1
2020-04-24,10.8,1.9,57.85,0,,23.1,1017.8,8.6,28.9
2020-04-25,10,4.2,70.21,0,,15.9,1014.5,25.9,18.8
2020-04-26,7.8,2.4,70.17,0.6,,23.8,1010.7,32.5,36.2
2020-04-27,6.1,1.8,75.96,5.8,,16.1,1009.5,26.4,33.2
2020-04-28,6.6,2.1,74.5,2.2,,16.4,1008.1,47.6,30.5
2020-04-29,5.8,3.3,84.67,3.2,,23.7,1000.2,62.3,21.2
2020-04-30,6.9,4.9,87.57,2.86,,18.1,990.7,53.5,19.9
2020-05-01,7.3,4.6,83.73,4.14,,18.4,995.9,40.3,21.5
2020-05-02,8.8,3,69.66,5,,20.9,1008.4,22.4,33.7
2020-05-03,7.9,3.1,74.63,1.2,,13.3,1016.7,26.8,27
2020-05-04,8.4,2.9,70.1,1.2,,20.8,1023.6,45.7,31.5
2020-05-05,8.1,1.6,66.83,0,,15.7,1025,6.2,32.7
2020-05-06,10.1,1.6,60.84,0,,14.2,1025.8,0,27.9
2020-05-07,9.6,4.5,71.09,0,,18.6,1020.6,38.9,23.9
2020-05-08,12.2,9,81.09,0.6,,19.8,1016.9,56.9,28.3
2020-05-09,12.5,9.2,80.98,3,,21.2,1014.5,46.8,27.4
2020-05-10,5.5,-1,65.03,0.47,53.6,30.3,1021.5,47.6,32.8
2020-05-11,4.3,-3.5,58.56,0,,24.8,1027.8,11.7,35.4
2020-05-12,5.7,1.4,74.86,3.2,,31.3,1020.4,37.8,28.1
2020-05-13,4.4,-3.6,58.35,3,,15.2,1022.7,24.1,37
2020-05-14,6.3,1.8,73.63,0.8,,24.9,1023.7,42.7,35.1
2020-05-15,7.5,3.3,75.35,0.8,,27.4,1023.8,43.7,30.3
2020-05-16,9.1,5.1,76.66,0.2,,28.9,1021.2,55.8,33.4
2020-05-17,9.6,8.6,93.94,2.93,,29.1,1017.6,63.4,14.5
2020-05-18,11.2,9,86.87,10.26,,29.6,1016.5,61.5,20.1
2020-05-19,11.4,10.1,91.77,3,,26.2,1018.9,59.6,21.4
2020-05-20,13.8,9.9,78.76,0.2,,20.4,1018.6,32.8,20.2
2020-05-21,10.2,5.8,75,0.33,,22.1,1016.5,25.6,26.8
2020-05-22,9.7,7,83.25,19.63,68.4,52.5,1000.2,43.5,14.1
2020-05-23,7.8,6.4,90.89,25.38,74.2,57.2,1005,52.5,10.1
2020-05-24,9.8,8.6,92.82,7.1,51.8,37.9,1023.2,48.7,14.2
2020-05-25,10.3,6.8,80.82,0,42.5,35.4,1030.4,29.9,20.2
2020-05-26,10.5,6.1,75.56,0,79.6,26.2,1034.8,26.9,19.4
2020-05-27,10.9,4.7,67.91,0,,14.4,1037.2,19.3,22.4
2020-05-28,14.8,8.9,69.02,0,,14.7,1032.7,26,26.9
2020-05-29,16.8,9.4,63.88,0,,20.9,1026.7,0.1,27.9
2020-05-30,15.3,7.7,62.14,0,,29.5,1024.5,4,29.7
2020-05-31,13.8,6,61.46,0,,23.6,1025.8,0.2,28.7
2020-06-01,15.5,6.8,58.29,0,,16.9,1026.2,3.1,30.7
2020-06-02,14,9,73.06,0.4,,16.6,1020.6,27.9,26.1
2020-06-03,10.3,3.9,66.96,5.99,,25.6,1016.4,42.9,28.5
2020-06-04,8.6,5.5,80.86,3.68,31.7,23.4,1004.3,47.8,28.1
2020-06-05,6.6,2.7,76.87,1.4,63,39.8,995.8,30.2,33.3
2020-06-06,10.6,6.5,76.53,14.4,46.4,29.7,996.6,42.6,29.9
2020-06-07,10.3,5.4,72.69,0.47,,21.1,1010.4,31.2,31
2020-06-08,8.9,2,63.42,0,,17.5,1020.1,35.1,26.4
2020-06-09,8.6,4.9,77.87,0.6,,18.1,1019,44.5,22.5
2020-06-10,8.8,7.9,94.06,21.06,,24,1014.4,54.8,14.2
2020-06-11,10.3,5.6,73.84,1,,26.4,1023.6,43.8,30.4
2020-06-12,13.3,7,66.77,0,,28.3,1016.9,27.3,28.6
2020-06-13,12.7,11.2,90.73,1.8,,18.3,1013,64.4,20
2020-06-14,15.2,11.7,80.45,2,,16.6,1015.7,41.4,25.5
2020-06-15,15.2,13.1,87.32,1.2,,13.8,1016.4,55.4,20
2020-06-16,15.5,12.7,84.59,44.2,,11.3,1015,44.9,19.5
2020-06-17,15.3,11.7,80.21,1.27,,15.6,1014.6,44.8,20
2020-06-18,14.7,9.8,73.79,0,,18.2,1013.3,19.5,20.6
2020-06-19,13.1,10.6,85.23,3.6,,16.1,1010.1,56.1,21.6
2020-06-20,13.4,8.3,73.18,7.2,,31.4,1012.7,33.8,30.1
2020-06-21,11.7,9.2,84.93,8.2,53.6,32.4,1008.4,42.5,16.6
2020-06-22,10.9,9.7,92.01,2.33,,38.3,1014.6,46.4,13.8
2020-06-23,12.9,11.6,91.38,8.19,,30.6,1017.1,53.8,18.7
2020-06-24,14.8,11.7,82.49,5.68,,25.8,1020.4,45.9,21.5
2020-06-25,18,13.4,75.72,0,,24.2,1017.4,14.8,22.8
2020-06-26,16.2,13.6,84.68,5.66,,19.3,1007.8,34.9,16.1
2020-06-27,13.3,11,86.24,7.53,,24.2,996.8,42.5,25.2
2020-06-28,10.7,10,95.57,19.48,63,39.2,990.9,55.8,10.9
2020-06-29,10.9,9.9,93.04,16.06,59.4,30.1,994.2,55.2,18.4
2020-06-30,12,9.5,85.42,0.2,,21.2,1001.2,49.9,34.2
2020-07-01,10.6,9,90.41,0.8,,21.4,1004.4,54.1,21.4
2020-07-02,10.5,6.4,76.33,0.2,55.4,22.2,1010.4,46.8,29.3
2020-07-03,9.3,8.2,93.16,11.98,,27.5,1004.8,48.9,16.3
2020-07-04,9.7,8.5,91.98,5,,18.1,1002.3,46.3,20.2
2020-07-05,10,8.4,90.04,22.8,61.2,33.9,997.8,46.5,22.3
2020-07-06,10.3,6.4,77.73,1.54,46.4,28.9,1014.7,34.2,26.2
2020-07-07,10.2,7.5,83.86,1.4,,21.1,1016.5,43.8,29.6
2020-07-08,10.7,8,84.13,3,,16.6,1015.3,51.1,27.1
2020-07-09,11.7,8,78.88,3.6,,18.7,1014,34.2,26
2020-07-10,10.5,6.7,78.11,0.2,,25.2,1017.5,34.8,34.9
2020-07-11,10.4,7.1,80.94,0.6,,26.9,1024.7,49,33
2020-07-12,12,7.5,75.52,0,,29.3,1024.6,44,31.8
2020-07-13,12.7,10.8,88.07,1.07,,30.6,1017.2,51.1,23.5
2020-07-14,11,8.7,85.69,0.6,,24,1014.8,53.7,33.8
2020-07-15,12.3,10.9,90.92,0.87,47.6,25.2,1012.7,66,23.8
2020-07-16,14,12.1,88.67,0.2,98.3,33.5,1016.8,61.8,23.3
2020-07-17,13.5,10.7,83.86,3.2,,27.1,1014.7,54.3,20.2
2020-07-18,11.5,7.8,78.46,0.4,,31.9,1014,50.1,21.9
2020-07-19,10.6,7.4,81.24,1.4,48.2,30.1,1018,41.1,21.2
2020-07-20,11.2,7.9,80.88,1.4,,27.1,1022.3,48,24.6
2020-07-21,11.9,6.8,72.48,0.2,,19.7,1024.7,38.6,27.2
2020-07-22,11.9,11,93.92,10.19,,18.3,1018.6,61.7,15.2
2020-07-23,13.7,12.1,90.42,2.53,,20,1011,55.1,20.8
2020-07-24,12.7,10.2,85.21,0,,19.6,1009,46.8,25
2020-07-25,13.3,12,91.83,16.19,,23.8,1000.3,61.6,20.4
2020-07-26,12.5,9.2,81.37,2.6,,31.1,1002.3,44,21.2
2020-07-27,10.8,9.2,89.61,29.24,,28.5,999.5,60.2,18.3
2020-07-28,11.2,7.7,79.27,1.8,66.6,37.7,1007.5,58.4,24.1
2020-07-29,11.5,7.4,76.72,0.6,,24,1016.2,52,22
2020-07-30,11.9,10.3,89.66,6.19,,22.8,1015.1,57.2,14.8
2020-07-31,17,12.9,78.72,1.4,,27.4,1008.5,27.9,16.7
2020-08-01,13.7,10.9,83.54,0.73,,21.9,1011.5,59.3,23.3
2020-08-02,12.1,9,82.1,0.53,,24.8,1013.1,47.8,25.6
2020-08-03,11.2,7.9,81.36,0.2,,27.4,1015.1,43.3,24.5
2020-08-04,13,11.8,92.43,34.95,51.8,34.9,1004.6,63.8,11.9
2020-08-05,14.4,13,91.57,6.72,,29.4,1002.4,70.6,19.8
2020-08-06,15.6,12.5,82.76,0.4,,24.5,1013.3,54.9,23.6
2020-08-07,16.1,13.5,84.51,7.2,,25.6,1015.6,57.2,29
2020-08-08,13.6,9.5,78,0.2,,19.4,1024.3,11.4,17.4
2020-08-09,14.3,9.1,72.47,0,,24.2,1024.1,8.6,16.8
2020-08-10,15.1,11.3,78.46,0,,15,1020.5,48.1,15.8
2020-08-11,16.6,13.8,83.9,6,,18,1018.3,45.9,14.3
2020-08-12,18.6,15.7,83.58,0,,14.4,1016.3,37.5,12.4
2020-08-13,18.2,15.3,83.68,0,,18.7,1018.2,31.7,15.7
2020-08-14,16.3,13.9,86.28,0,,14.6,1017.9,44,15.3
2020-08-15,15.8,13.1,84.7,0,,15.3,1018,44.6,17.2
2020-08-16,14.6,11.9,84.33,0,,18.6,1015.5,64.1,20.1
2020-08-17,14,12.1,88.63,5,,15.1,1009,66.6,17.5
2020-08-18,16.2,14.1,87.8,0.4,,14.4,1004.3,62.3,13.5
2020-08-19,16.1,13.3,84.89,0,46.4,28.4,1001.2,46.4,12.7
2020-08-20,16.1,12.8,80.82,6.01,50,39.3,993.8,52.5,15.3
2020-08-21,15.1,12.6,85.31,13.79,54.8,26.4,988.4,50.8,17.7
2020-08-22,13.3,11.2,87.74,6.93,,29.7,1000.8,47.1,16.9
2020-08-23,11.2,8.3,82.95,2.2,,20.8,1011.7,42.9,29.4
2020-08-24,10.4,6.5,78.59,0.8,,16.2,1013.3,29.1,26.7
2020-08-25,11.6,9.6,87.75,13.04,68.4,32.7,996.8,50,18.2
2020-08-26,12,10,88.14,2.6,66.6,18.5,1009.5,42.7,20.6
2020-08-27,11.6,10.8,94.36,14.64,,17.5,1011.1,58,13.7
2020-08-28,10.8,6.8,77.29,2.66,,28.3,1010.4,42.5,27.8
2020-08-29,9.4,4.7,73.2,0.2,,20.3,1016.3,32.7,31.8
2020-08-30,9.5,6.1,79.88,0.2,,9.7,1020.9,34,31.8
2020-08-31,11.1,6.9,75.98,0,,19.5,1020.4,52.2,25.2
2020-09-01,11.9,9.7,86.31,2,,26.5,1017.4,51.4,18.8
2020-09-02,14,12.5,90.71,10.79,40.7,33.8,1008.4,68.3,14.5
2020-09-03,12.7,10.1,84.42,3.46,57.6,37.9,1006.2,45.9,15
2020-09-04,11.7,8.6,81.56,8.2,55.4,36.7,1011.6,42.2,15.7
2020-09-05,10.1,7.4,83.59,5.47,,26.6,1015.4,43.6,16.8
2020-09-06,10.7,7.2,80.47,0,,15.9,1018.7,33.1,21.5
2020-09-07,13.1,11.8,92.05,5.39,,34.6,1014.7,63.7,16.8
2020-09-08,14.9,13.1,89.32,0.27,,32.7,1016.2,65.3,19.8
2020-09-09,12,8.4,79.04,6.01,46.4,36,1019.5,48.8,18.4
2020-09-10,9.7,7.7,87.59,0.2,,29.5,1019.6,58.9,14.7
2020-09-11,11.7,9.2,85.08,9.93,97.7,45.2,1006.1,55.4,13.1
2020-09-12,10.7,8,83.74,10.79,55.4,33.6,1009.4,49.8,13
2020-09-13,15.2,13.5,89.99,40.47,72.4,40,1011.2,65.4,9.6
2020-09-14,15,12.4,85.07,0.6,,24.2,1018.8,50.6,17.8
2020-09-15,15.1,13.5,90.45,5.19,,15.8,1019.5,40.3,13.6
2020-09-16,11.7,9.5,86.86,0.4,48.2,21.8,1029.1,62.7,16.5
2020-09-17,12.5,9.3,81.55,0.2,,14,1030.7,19.7,16.4
2020-09-18,13,9.5,81.13,0,,15.2,1028.6,11.2,12
2020-09-19,12.2,7.3,72.71,0.2,,17.4,1026.7,2.5,20.3
2020-09-20,11.3,9.3,87.96,0.2,,14.1,1023.9,29.8,13.5
2020-09-21,11.1,8.3,83.1,0.2,,21.4,1015.7,60.8,15.1
2020-09-22,11.6,9.6,87.73,3.75,68.4,42,1002.3,66.4,15
2020-09-23,7.5,4,80.4,3.34,,19.4,1000.6,15.4,26.2
2020-09-24,6.1,2.9,81.74,0.6,,19.7,996.8,29.5,16.9
2020-09-25,6.3,2.5,77.67,0.8,,29.2,1010.4,23.4,25.7
2020-09-26,6.8,2,73.57,0.6,,25.5,1018.3,12.4,21.5
2020-09-27,5.4,0.3,70.5,0.2,,11.4,1017.6,5.4,15.6
2020-09-28,8.9,7.1,88.77,0.53,,18.5,1011.3,48.9,16.1
2020-09-29,7.9,5.6,86.17,0.4,,19.5,1013.9,30.5,15.3
2020-09-30,9.3,8.2,92.87,11.94,,29.2,999,55.1,16.1
2020-10-01,7.5,5.1,85.33,2.8,,13.3,995.5,39.7,21.9
2020-10-02,7.2,4.2,82.93,3.4,,14.9,999.7,23.9,14.4
2020-10-03,6.7,5.9,94.62,12.33,,19.8,996.6,43.2,12.1
2020-10-04,11.8,10.3,90.55,15.39,,20.1,986.2,53.6,17.8
2020-10-05,10.8,8.8,88.54,3.19,,10.4,991.9,42.6,19.5
2020-10-06,10.5,9.3,92.02,5.6,,21.9,992.4,59.2,18.4
2020-10-07,9.3,6.9,85.27,8.87,46.4,32.5,1005.5,48,19.5
2020-10-08,6.8,4.9,87.71,3,,24.7,1009.8,41.5,18.3
2020-10-09,5.9,3.8,86.1,9.35,,36.7,1011.7,43.7,22.5
2020-10-10,8.2,5.8,85.61,0.8,,30.2,1019.5,40.3,27.1
2020-10-11,7.7,5.1,83.73,2,,21,1026.7,32.5,30.8
2020-10-12,7.9,6.1,88.68,3.06,,31.4,1015.3,50.1,21.9
2020-10-13,7.5,4.4,81.67,1,,28,1018.1,33.7,26.8
2020-10-14,9.1,5.8,80.01,0,,20,1029.9,50.5,26
2020-10-15,5.2,2.1,81.69,0,,12.2,1031.7,38.6,26
2020-10-16,6.9,3.3,78.57,0,,13.7,1030,57.5,30.4
2020-10-17,7.6,4.1,78.54,0,,10,1027.3,64.5,30.1
2020-10-18,6.6,5.3,91.97,0.6,,16.7,1022.4,67,19.1
2020-10-19,9.7,9.1,95.38,25.21,,29.8,1006.5,67.2,9.8
2020-10-20,9.9,8.9,93.39,18.32,59.2,22.3,993.7,55.3,11.6
2020-10-21,10.6,9.6,93.84,5.66,,22.8,991,68.9,15.3
2020-10-22,7.8,6.3,90.13,6.73,,23.3,1000.1,59.8,21.4
2020-10-23,6.4,4.3,86.63,5,90.7,27.2,1000.1,50.1,19.3
2020-10-24,6.8,4.9,87.88,17.54,80.4,47.4,987.8,40.6,15.9
2020-10-25,7.1,4.9,86.5,19.99,57.6,35.5,982.3,59.5,15.9
2020-10-26,7.9,6.5,91.05,11.6,,33.6,986.7,56.5,18.3
2020-10-27,5.3,4.5,94.64,8.59,,23.9,988.1,40.5,15.8
2020-10-28,6.4,4.5,87.88,5.87,71.9,33.2,989.2,54.3,16.7
2020-10-29,8.2,7,92.23,16.05,88.9,45,997.6,56.1,11.7
2020-10-30,8.5,5.7,82.84,5.61,83.1,52.1,1006.5,33.9,20
2020-10-31,8.6,6.4,85.85,31.75,94.7,58.4,994.8,57.2,17
2020-11-01,8,5.6,85.07,21.19,53.6,39,984.9,57.7,10.3
2020-11-02,7.5,5.4,86.98,2.87,,27.6,991.5,49,20.8
2020-11-03,4.9,3.3,89.51,13,51.8,25.1,1012.2,45.4,20.2
2020-11-04,7.2,4.8,84.61,0.2,,23,1030.7,51.1,20.9
2020-11-05,10,8.5,90.42,0.33,,22.2,1034.8,69.1,19.4
2020-11-06,7.9,6.6,91.65,0,,12.7,1029,63,15.4
2020-11-07,4.6,2.1,84.15,0.2,,15.4,1021.6,53.5,11
2020-11-08,7.6,6.3,91.71,2.4,,15.7,1017.9,73,11.7
2020-11-09,9.9,8.9,93.32,0.4,,15.9,1017.7,67.5,10.9
2020-11-10,9.8,8.8,93.61,1.2,,22.9,1018.1,64.5,16
2020-11-11,10.4,8.9,90.49,13.42,50,38.1,1005.4,58.4,16
2020-11-12,9.1,7.1,87.39,5.54,87.1,37.8,1001.2,68.6,22.1
2020-11-13,7.5,5.3,85.78,25.93,50,37.8,999.4,58.8,16
2020-11-14,8.6,7.3,91.2,1.87,81.7,48.7,994.3,63.2,15.5
2020-11-15,8.3,7.4,94.24,23.07,53.6,44.1,983.4,65.1,17
2020-11-16,8.6,6.7,87.98,4.4,50,32.6,999.1,64,17.9
2020-11-17,12.3,11.2,92.93,17.88,64.8,41.1,1004.2,67.7,10.3
2020-11-18,9.3,7.7,90.11,19.15,64.6,41.5,1000.5,67.9,13.3
2020-11-19,3.7,0.1,77.71,7.26,,23.4,1024.5,36.6,25.2
2020-11-20,7.3,6.2,92.48,1.53,,37.9,1020.5,74.8,12.1
2020-11-21,7.3,4.7,83.77,13.56,55.4,37.5,1014,50.8,16
2020-11-22,5.4,2.8,83.33,11.54,48.2,28.2,1019.4,40.6,18.7
2020-11-23,7.6,5.9,89.31,10.68,57.6,37.9,1014.3,66.8,15
2020-11-24,8.2,7.2,93.38,23.61,61.2,40.7,1003.9,64.4,13.9
2020-11-25,5.2,4.1,93.2,1.27,,17.2,1009.5,45,21
2020-11-26,3.3,2.9,97,0.4,,11.3,1019.7,56.5,14.7
2020-11-27,4.4,3.4,93.35,0.73,,9.9,1018.3,65.7,18.1
2020-11-28,3.6,2.3,91.21,1.07,,9.9,1021.1,49.7,13.8
2020-11-29,2.2,1.6,95.37,0,,12.4,1025.4,53.3,7.8
2020-11-30,6.6,4.3,85.07,2.14,57.6,40.2,1019.5,45.7,19.8
2020-12-01,4.7,3.5,91.54,0,,17.5,1025.8,62.3,15.6
2020-12-02,4.4,2.9,89.79,6.08,,32.8,1010.5,47.9,14.4
2020-12-03,-0.8,-1.6,94.78,10.94,,27.9,988.2,37,22.2
2020-12-04,2.3,0.4,86.86,18.49,50,36.4,984,54,20.8
2020-12-05,2.4,1.1,91.47,5.66,0,24.8,998.9,39.9,30.4
2020-12-06,-0.3,-1,94.91,0.6,,9.6,1004.7,31,11.6
2020-12-07,0.4,-0.7,92.54,0.2,,25.1,1000.7,27.4,17
2020-12-08,5,3.3,88.74,2.88,,28.1,996,48.3,24.1
2020-12-09,4.1,2.8,91.09,0.2,,19.1,1000.7,56.9,21.1
2020-12-10,4.2,3,91.82,2,46.4,29.2,993.2,67.1,19.5
2020-12-11,5.3,4.2,92.79,3.34,,24.8,984.6,67.7,15
2020-12-12,4.5,4.1,97.15,7.81,,9.1,997.5,46.7,12.6
2020-12-13,4.2,3.3,93.8,16.74,,30.8,992.2,58.9,15.1
2020-12-14,7.4,6,90.83,16.94,,29.4,985.2,57,14
2020-12-15,5.5,4,89.87,4.87,,19.7,996,43.9,18
2020-12-16,6.7,5.3,90.77,11.82,55.4,36.7,995.7,60.7,16.6
2020-12-17,7.4,5.7,89.05,12.35,,27.4,1000.7,68.2,15.6
2020-12-18,9.6,8.4,92.2,14.01,57.6,28.6,994.7,62,16.6
2020-12-19,6.8,5.1,88.86,17.19,,41.9,990.4,56.9,21.7
2020-12-20,5.9,3.7,85.8,13.76,,30.5,998.9,55.1,17
2020-12-21,4.9,3.5,90.67,3.61,,25.5,1001.2,57,19
2020-12-22,3.3,2.2,92.31,3,,18.5,1008.5,43.1,20.7
2020-12-23,1.6,-0.1,89.23,0.2,,15.6,1016,31.7,22.1
2020-12-24,0.5,-3.1,77.23,0.2,31.7,24.6,1029.6,28.1,32.9
2020-12-25,2.1,0.8,91.43,0.4,,31.9,1026.6,56.7,20.1
2020-12-26,5.4,3.7,88.82,19.24,74.2,44.3,995.7,65.4,10.9
2020-12-27,0.7,-0.5,91.81,13.14,53.6,29.4,964.3,42.3,19
2020-12-28,-1.4,-2.3,93.55,9.4,,18.4,977.4,32.8,18.5
2020-12-29,0.1,-1.5,89.15,60.2,,18.1,994.3,28.1,33.2
2020-12-30,-1.5,-3,89.41,50,,19.7,1001.1,14.1,27.1
2020-12-31,0.4,-0.9,90.66,62,,23.1,1007.3,35.7,28.7
2021-01-01,0.5,-1.8,85.03,4.67,,18.9,1016.4,13.2,35.8
2021-01-02,-0.8,-3.2,84.26,0.4,,15.1,1020.6,14.5,35.5
2021-01-03,-0.9,-2.4,90.01,30,,13.8,1027.5,29.3,34.6
2021-01-04,0.4,-1.8,85.5,0.2,,13.9,1032.4,43,33.8
2021-01-05,0.6,-1.9,82.97,30,,12,1031.4,49.7,35.3
2021-01-06,-2.3,-3.5,92.17,30,,10.2,1025.2,23.2,17.3
2021-01-07,-0.5,-1,96.21,41,,12.8,1018.3,56.4,7.4
2021-01-08,-3.4,-6.2,81.16,0,70.6,19.9,1024.1,10.1,31.3
2021-01-09,-1.5,-2.5,93.15,60.4,,23,1022.6,49.2,14.8
2021-01-10,4.6,3.9,95.19,8.4,,32.3,1018.3,63.1,21.7
2021-01-11,6.4,5.3,92.24,18.34,63,41.9,1005.5,65.2,13.1
2021-01-12,-1.2,-2.6,90.43,1.6,,11.8,1015.5,14,26.6
2021-01-13,0,-1,92.9,7,,16.9,1016.8,61.6,10.1
2021-01-14,0.6,0.3,97.45,16.34,,15.5,1020.2,75.6,8.7
2021-01-15,1.1,0.5,95.45,0,,26,1025.3,66.4,12
2021-01-16,4.5,3,89.98,17.35,63.3,38.6,1008.4,58.2,13.1
2021-01-17,4.2,2.7,90.06,8.2,,34.5,1016.8,50.3,18.2
2021-01-18,4.5,3,90.3,11.08,,33.4,1009.9,58.3,18.9
2021-01-19,1.6,1.1,96.89,1.6,,10.8,994.8,54.2,17.4
2021-01-20,0.4,0,97.36,4.2,,11.9,980.3,66.8,23.2
2021-01-21,1.5,-0.5,86.37,1.87,79.6,32.5,974.3,41.3,25.6
2021-01-22,1.1,-1.1,85.16,5.4,57.6,28.4,986.2,20,28
2021-01-23,-1.8,-3.1,91.34,0.8,,18.2,993,18.4,29.3
2021-01-24,-2.9,-3.4,96.29,60,,12.6,997.9,23.8,16.3
2021-01-25,1.5,-0.3,88.14,50.2,,24.3,1006.1,36,25.5
2021-01-26,0.6,0.3,97.99,10.2,,21.2,1009.3,67.7,9.3
2021-01-27,1.8,1.4,97.18,6.6,,25.1,1009.2,72.8,10.3
2021-01-28,2,1.2,94.47,7.19,,29.3,999,73.5,13
2021-01-29,0.6,-0.7,91.1,15.2,27.7,18,1000.7,47.8,18.2
2021-01-30,-1.2,-2.9,88.53,0.2,,22.9,1009.1,21.3,19.4
2021-01-31,-1.5,-3.2,88.54,30,,21.7,1002.6,20.2,22.7
2021-02-01,-0.7,-2.2,89.54,16.71,,28,999.8,38.4,23.6
2021-02-02,1.4,-0.4,87.7,23,83.5,39.8,995,59.9,23.6
2021-02-03,1.5,0,89.87,7.86,61.2,42.8,998,71.4,15.3
2021-02-04,1.9,0.9,93.37,22.6,,40.3,1006.8,72.7,12.3
2021-02-05,3,1.7,91.77,25.66,57.6,40.9,1010,71.3,16.5
2021-02-06,2,0.3,88.77,0.8,55.4,35.9,1016.6,72,25.7
2021-02-07,-0.1,-3.8,76.62,0.2,61.2,30.5,1018.5,68.5,21.5
2021-02-08,-1.5,-4.1,82.7,0.2,61.2,32.3,1016.5,47.2,24
2021-02-09,-2.4,-4.6,84.73,0,50,24.6,1016.6,56.6,22.9
2021-02-10,-3.4,-7.1,77.23,0.2,,21.6,1021.9,29.7,20.6
2021-02-11,-4.4,-7.1,81.98,0,53.6,34,1029.1,52.2,7.3
2021-02-12,-0.6,-5.3,71.04,0,44.6,29.5,,25,10
2021-02-13,-2.7,-7.3,71.21,0,42.5,35.3,1024.3,63,14.2
2021-02-14,2.3,0.9,90.19,28,59.4,38.1,1010.1,66.3,13.4
2021-02-15,6.5,5.4,92.55,4.48,,25,1008,63.8,14.5
2021-02-16,6.6,4.5,86.45,13.56,55.4,43,997.2,50.7,16.9
2021-02-17,5.6,2.9,83.19,27.07,61.2,41.6,995.7,52.8,16.5
2021-02-18,5.2,3.8,91.21,34.47,79.8,49.4,989,63.4,15.3
2021-02-19,7.3,5.7,89.35,17.2,79.1,42.5,992.9,74.2,12.4
2021-02-20,8.8,7.3,90.4,11.34,66.6,55.4,985.1,68.4,11.7
2021-02-21,6.8,3.5,79.55,10,85.4,48,1001.1,38.9,17.4
2021-02-22,6,3,82.15,7.6,51.8,29.6,1010.2,32.3,21.8
2021-02-23,8.1,6,86.99,25.55,92.4,52.4,1004.2,56.9,14.3
2021-02-24,8.5,6,84.72,15.41,66.6,42,1007.6,54.7,16.7
2021-02-25,5.5,3,83.74,6.34,,32.5,1020.1,40.2,17.4
2021-02-26,5.6,3.4,86.05,0,,23.5,1032.7,42.9,22.2
2021-02-27,6.8,5.6,92.34,0.2,,15,1038.7,70.8,20.5
2021-02-28,6.4,4.9,90.07,0,,14.4,1037.7,74.2,21.1
2021-03-01,4.9,2,82.56,0.2,,14.3,1033.9,33.4,15.4
2021-03-02,2.8,0.6,86.49,0.2,,13.7,1031.5,53.2,13.2
2021-03-03,1.6,0.1,89.85,0,,13.7,1030,74.6,13.1
2021-03-04,2.8,-0.7,79.01,0.2,,21.5,1030.9,74,28.1
2021-03-05,0.9,-4,70.24,0,,10.9,1035.5,70.4,33.1
2021-03-06,2.1,-1.7,76.63,0,,15.3,1033.5,62.6,26.1
2021-03-07,3.7,1.8,87.62,0.27,,16.9,1026,49.1,14.1
2021-03-08,6.5,5.6,93.68,3.4,,21.1,1019.5,69.4,16.8
2021-03-09,6.7,5.5,91.79,3.2,70.6,49.3,1010.2,71.2,13.4
2021-03-10,5.9,4,87.34,32.86,69.1,45.3,987.4,57.8,12.4
2021-03-11,4.8,2.3,84.25,15.9,64.8,40.4,979.7,41.5,18.6
2021-03-12,3.1,1.4,88.73,18.31,55.4,35,987.1,57.9,19.2
2021-03-13,3,1.4,89.72,12.4,,27.9,987.5,47.3,25.7
2021-03-14,4.8,2.8,86.95,3.41,44.6,31.7,1006.9,56.6,24.2
2021-03-15,6.1,3.8,85.53,1.2,,18.3,1019.9,47.9,29.1
2021-03-16,8.8,4.5,76.42,0.73,,28.7,1028.4,25,18.7
2021-03-17,7.8,4.1,78.36,0,,20,1035.1,27.7,16
2021-03-18,9,6.3,83.68,0,,26.1,1032.3,24.7,29.9
2021-03-19,8.3,4.9,81.07,0,,12.4,1032.1,14.5,28.2
2021-03-20,7.4,5.3,87.31,0,,29.2,1030.9,58.8,26.8
2021-03-21,5,1.8,80.85,0.2,,22.2,1029.3,24,29.2
2021-03-22,6.8,4.5,85.22,0,44.6,29.2,1023.1,73.4,30.4
2021-03-23,7.1,4,80.65,3,61.2,44.6,1014.3,70.6,21.3
2021-03-24,5.8,2.6,80.35,5.73,66.6,36.9,1011.5,48.1,20.7
2021-03-25,6.6,4.8,88.01,2.2,,32.4,1006.7,60.7,17.9
2021-03-26,4.5,2.2,85.27,32.47,53.6,36.4,996.8,54,18.8
2021-03-27,4.1,1.7,85.31,5.27,57.6,41.7,1007.6,49.4,18
2021-03-28,8.3,6.6,88.92,30.13,72.4,47.6,1003,64.7,10.8
2021-03-29,11.4,10.2,92.51,29.75,68.4,45.9,1010.6,68.2,8.9
2021-03-30,10.6,8.1,85.06,1.2,57.6,38,1021,65.3,18
2021-03-31,7.3,5.7,89.67,17.2,,24.7,1021.3,60.2,17
2021-04-01,4.8,0.1,72.81,0,,22.6,1030.7,37.9,28.6
2021-04-02,4.6,0.1,73.93,0,,12.2,1034.9,26.7,23.5
2021-04-03,6.2,1.5,74.2,0,,17.8,1035,0.2,16.7
2021-04-04,5,2,81.07,0.4,59.4,40.3,1022.6,46.5,18.5
2021-04-05,1,-5.2,63.79,0.4,48.2,38.2,1021.2,23.8,30.1
2021-04-06,0.8,-5.6,63.2,1,77.8,29.2,1022.3,25.1,30.7
2021-04-07,1.6,-4.4,65.26,0,,25.7,1022,42.2,32.7
2021-04-08,5.4,3.1,85.39,7.55,64.8,44,1010,62.4,15.9
2021-04-09,2.6,-3.2,67.07,0.8,,26,1012,13.9,31.1
2021-04-10,0.7,-3.9,73.37,0.2,,22.3,1017.7,22.8,33
2021-04-11,0.6,-4.3,72.96,0.4,,17,1021.7,17.5,33
2021-04-12,1.5,-4.9,66.98,0.2,,14.5,1028,3.6,30.2
2021-04-13,4.2,0.3,76.56,0.2,,10.6,1031.9,44.7,33.8
2021-04-14,5.2,0.3,73.43,0.4,,10.7,1034.1,11,26.8
2021-04-15,6.1,0.4,69.08,0,,15.1,1033.8,10.9,23.9
2021-04-16,5.6,-0.7,67.25,0,,22.9,1030.5,5.5,23.5
2021-04-17,6.2,-0.2,66.04,0,,23.6,1028.4,12.6,22.5
2021-04-18,6.4,3.5,81.52,1.2,,17.7,1024,58,18.8
2021-04-19,9,3.6,70.78,0,,22.5,1020.5,37.4,20.7
2021-04-20,7.9,5,82.6,0.93,,17.4,1019.6,58.9,21.1
2021-04-21,7,-0.7,60.5,0,,20,1024.7,21.1,24
2021-04-22,7.7,1.3,66.15,0,,14.3,1026.9,1.3,21.4
2021-04-23,9.1,1,62.67,0,,24.6,1028.4,4.7,19.7
2021-04-24,8.6,3.1,69.98,0,,19.3,1030.6,24,22.7
2021-04-25,8.4,2.3,68.2,0,,13.1,1031,3.8,24.4
2021-04-26,7.1,4.4,83.61,3,,28,1020.4,41.8,17.8
2021-04-27,6.5,4.1,84.87,1.47,53.6,32.7,1013.1,64.2,29.3
2021-04-28,5.9,0.6,70.68,0.47,,20.6,1015.6,49.5,29.6
2021-04-29,4.9,0.4,74.52,0.87,,16.8,1015.5,45,31
2021-04-30,5.2,-0.4,68.8,0.2,,14.3,1018.3,37.6,29.4
2021-05-01,5.5,1.8,78.55,1.4,,18,1018.4,43.4,28.9
2021-05-02,5.2,0.6,74.23,0.6,,17,1018.3,40.2,29.8
2021-05-03,3.6,1.7,87.54,16.29,55.4,36.9,1003.3,58.5,21
2021-05-04,5.2,0.9,74.5,3.79,,28.6,999.6,51.8,32.3
2021-05-05,3.6,-1.6,70.12,3.2,33.5,19.9,1007.7,22.2,31.5
2021-05-06,4.2,1,79.86,13.88,,25.8,1006.1,50.6,28
2021-05-07,5.5,0.8,73.19,0.4,,19,1012.9,36.6,29.8
2021-05-08,4.2,2.5,88.83,2,,33.6,1000.2,50.3,21.2
2021-05-09,9.5,6.9,84.16,2.2,68.4,30.4,989.2,66.2,16.9
2021-05-10,10,7.4,83.88,9.87,,21.4,991.3,64,20.6
2021-05-11,10.1,5.5,74.56,5.73,64.8,29.1,1002.5,51.2,18
2021-05-12,8.6,6.1,85.55,4.46,,16,1006.8,48.8,23.4
2021-05-13,8.5,6,84.7,22.4,,20.8,1010.9,64.7,19
2021-05-14,8.5,5,79.27,0.2,,14.5,1010,74.5,22.5
2021-05-15,9.1,5.3,77.95,1.93,,17.8,1000.8,55.3,24
2021-05-16,9.3,4.1,71.91,0.53,,17,998,34.2,24.4
2021-05-17,9.1,5.2,77.76,1,,23,1004.2,47.4,29
2021-05-18,8.6,4.3,76.05,0.47,,20.7,1010.2,36,31.5
2021-05-19,8.8,4.2,74.71,0,,20.5,1016,32.7,31.6
2021-05-20,8.2,5.9,85.96,1.66,50,36.8,1005.8,55.2,25.4
2021-05-21,8.2,4.8,79.38,2.93,72.4,31.9,993.3,71.3,29.4
2021-05-22,7.1,0.1,62.25,0,,19.1,1002.5,36.4,35
2021-05-23,6.3,3.6,83.24,6.4,,33.1,999.6,57,26.8
2021-05-24,6.4,4.5,87.95,11.74,,29.6,998.5,47.1,25.6
2021-05-25,9,5.4,78.78,3.2,,24.8,1011.3,46.3,29.3
2021-05-26,9.2,6.2,82.35,0.67,,16.1,1016.2,48.2,26.5
2021-05-27,10.3,6.6,79.67,3.2,,17,1018.8,37.4,17.8
2021-05-28,11.1,7,76.39,0,,14.1,1022.5,50.5,29.3
2021-05-29,13.4,9.7,78.88,0,,12.3,1027.2,59.2,19.9
2021-05-30,14.9,10,74.73,0,,13.9,1027.6,20.9,19.2
2021-05-31,15,7.8,65.43,0,31.7,22.1,1020.3,2,21.5
2021-06-01,16.1,9.7,66.5,0,48.2,20.8,1015.7,24.9,19.7
2021-06-02,14.2,7.5,66.48,0,51.8,31.8,1016.7,16.2,19.1
2021-06-03,12.6,9.7,82.55,1,,23.7,1017.4,63.2,18.4
2021-06-04,12.6,7.5,72.16,0,,25.1,1021,41,26.7
2021-06-05,12.4,8.6,78.51,0.2,,20.4,1022.6,50.8,24.2
2021-06-06,11.9,6.2,70.06,5,,16.5,1024.7,42.1,28.7
2021-06-07,12.8,6.5,68.26,0,,20.8,1021.6,23.8,26.4
2021-06-08,13.9,9.9,77.11,0,,29,1019,59.6,24.1
2021-06-09,14.5,12.9,90.26,1,,25.1,1015.2,70.2,15.8
2021-06-10,15.6,13.5,87.71,1,55.4,28.6,1012.3,62.3,19.5
2021-06-11,13.1,9.5,78.82,0.8,51.8,33.8,1012.8,62.5,20.3
2021-06-12,12,7.4,73.92,0,,29.6,1021.4,65.9,21.4
2021-06-13,15.7,12.8,83.6,0.8,,33.3,1021.7,55.5,17.6
2021-06-14,11,7.8,81.19,14.94,50,29.8,1018.6,58.6,17.4
2021-06-15,11.4,7.4,77.04,0.6,,28,1017.6,55.7,16.3
2021-06-16,12.6,9.3,81.32,3.61,,23.5,1008.3,57,16
2021-06-17,12.8,7.7,72.62,0.2,,20.8,1012.6,40.5,22.9
2021-06-18,11.5,5.2,67.49,0,,22.9,1018.6,24.4,25.4
2021-06-19,13.4,9.3,77.43,0.2,,18,1014,53.2,22.5
2021-06-20,12.8,9.8,82.24,3,,16,1012.4,58.1,20
2021-06-21,12.2,5.1,63.86,0.2,,15.7,1018.1,49.4,23
2021-06-22,11,4.8,67.73,0,,23.4,1022.9,16.6,17.4
2021-06-23,13.1,11.3,88.93,1.2,,17,1022.4,72,21.8
2021-06-24,12.9,11.5,91.4,4.99,,20.9,1019.6,62.6,21.5
2021-06-25,11.1,5.7,70.22,0.67,59.4,27.9,1020.8,61,31
2021-06-26,12.4,8.2,75.59,0,,13.5,1023,62.6,26.5
2021-06-27,14.9,9.6,72.3,0,,13.3,1020.7,33.7,22.1
2021-06-28,15.3,9.2,69.07,0,,12.6,1017.8,9.6,20.3
2021-06-29,16.9,11.1,70.27,0,,20,1017.9,13.8,15.6
2021-06-30,15.1,10.6,75.7,0,,16.3,1018.8,40.7,20.9
2021-07-01,16.3,8.8,63.42,0,,16.7,1018,19.1,21.1
2021-07-02,14.8,9.6,72.15,0,,17.2,1015.1,42.3,18.2
2021-07-03,15.1,13.2,88.41,5.46,,14.6,1010.2,58.5,11.7
2021-07-04,15.6,14,90.26,17.25,,17,1004.6,59.3,18.4
2021-07-05,14,12.6,91.42,19.78,,18.4,999.8,61.5,15.3
2021-07-06,13.5,9.1,76.22,6,,10.8,997,38.5,22.2
2021-07-07,15.1,11.2,78.64,0.2,,23.5,1006.5,32.5,20.8
2021-07-08,14.6,11.2,81.04,0,,14.4,1017.5,62.2,21.5
2021-07-09,15.6,12.4,82.19,3,,16,1020,54.4,21
2021-07-10,16,12.8,82.47,11,,12.1,1016.1,53.1,17.1
2021-07-11,15.9,12.9,82.61,1,,10.7,1013,62,22
2021-07-12,16.4,13.7,85.2,5.78,,15,1013.6,47.2,16.4
2021-07-13,16.3,13.3,83.07,2,,21.4,1017.1,46.3,16.7
2021-07-14,14.8,11.7,82.82,0,,25.5,1019.4,57.4,24.4
2021-07-15,16.6,11.5,72.96,0,,19.4,1024.1,18.4,22.1
2021-07-16,16.3,13.7,85.35,0,,19.4,1028.1,47.5,22
2021-07-17,16.9,13.4,80.62,0,,28.3,1028.7,23.7,27.8
2021-07-18,15.4,11.6,78.82,0,,19.5,1025.9,46.2,33.2
2021-07-19,17.1,11.1,69.58,0,,14.4,1022.2,15.7,25.7
2021-07-20,18.2,12.9,73.73,0,,15.6,1020.7,9.1,20.5
2021-07-21,19.5,13.9,73.07,0,,14.1,1023.5,30.5,16.9
2021-07-22,18.6,14.4,78.05,0,,15.4,1023.6,22.3,15.1
2021-07-23,18.3,14.4,79.34,0,,16.3,1019.1,40.3,16.1
2021-07-24,17.7,12.7,74.74,0,,16.8,1013.1,26.1,19.9
2021-07-25,17.5,12.1,72.26,0,,12.5,1011,42,19.4
2021-07-26,17,12.9,78.01,0,,22.9,1008.7,21.8,16.7
2021-07-27,15.9,12.9,82.8,0.4,,16.8,1006.7,66.9,17.6
2021-07-28,13.6,11.4,86.58,19.2,,19.7,1000.7,52.5,24.6
2021-07-29,14.1,11.5,84.82,8.68,,22.3,1002.3,67.8,28.3
2021-07-30,14.7,11.8,83.56,0.2,,13.4,1004.7,68.5,24.8
2021-07-31,14.6,10.7,78.83,0.2,,17.6,1006.8,55.6,28.2
2021-08-01,13.4,6.5,64.89,0,,15,1012.7,39.6,34
2021-08-02,12.4,7.4,73.82,0,,12.6,1013.9,23.9,28.5
2021-08-03,12.8,9.8,83.09,1,,13.8,1012.4,45.3,19.8
2021-08-04,14.9,10.2,75.26,0.4,,21.2,1010.3,38.8,16.5
2021-08-05,15.8,11.4,75.69,1.33,,27.5,1000.5,52,15.5
2021-08-06,15.6,13.6,87.77,20.28,,22,991.3,60.3,18.1
2021-08-07,14.9,13.3,90.39,14.7,,17.9,990.3,62.9,18.4
2021-08-08,14.7,13.1,90.88,6,,12,996.4,66.6,15.6
2021-08-09,14.6,12.5,87.65,8.56,,21.4,1005.2,53.8,17.5
2021-08-10,13.9,11.1,84.48,2,,18.6,1012,41,16.1
2021-08-11,13.4,11.7,89.91,8.34,70.6,23.9,1011.7,51.3,15.1
2021-08-12,11.9,9.4,85.52,1,53.6,35.3,1011.3,37.1,15.9
2021-08-13,13,10.3,83.78,10.75,51.8,42.2,1010.7,51,14.8
2021-08-14,13.6,10.2,80.66,4.93,46.4,26.4,1014.1,50.6,18
2021-08-15,11.6,9.5,87.62,3,,22.4,1011.4,48,15.8
2021-08-16,13.2,9.7,79.53,0,,20.6,1015.3,59.7,21
2021-08-17,14.7,11.7,83.03,0.2,,27.8,1016.3,61.3,29.8
2021-08-18,14,10.8,81.48,0,50,28.9,1014.3,61.9,24.2
2021-08-19,12.8,10,83.63,0.4,,11.8,1011.5,57.2,21.2
2021-08-20,13.2,11.6,90.64,0.2,,18.1,1012.9,64.5,18
2021-08-21,15.3,14.5,94.75,11.99,,17.1,1012.8,65.3,15
2021-08-22,16,14.2,89.65,7.11,,12,1020,64.3,18.8
2021-08-23,16.8,14,84.47,0.2,,8.1,1030,45,14.9
2021-08-24,16.8,13.2,81.59,0,,10.7,1032.2,13.9,12.2
2021-08-25,18,13.7,78.2,0,,12.7,1028.3,11.8,16.1
2021-08-26,16.3,11.7,76.17,0,,13.2,1025.6,33,18.7
2021-08-27,14.1,9.7,76.71,0,,12.6,1026.5,26,15.2
2021-08-28,14.4,11,81.22,0,,11.9,1028.2,2.6,15.1
2021-08-29,14.4,10.9,80.67,0,,14.8,1029.3,67.5,20.5
2021-08-30,13,9.1,78.14,0,,12.9,1031.8,69.2,23.2
2021-08-31,13.2,8.6,74.34,0,,13.5,1035.2,70.2,20.9
2021-09-01,14.8,9.8,74.42,0,,16.1,1035.4,11.4,17.2
2021-09-02,13.6,10.6,82.41,0,,14.9,1032.9,44.7,11.8
2021-09-03,11.8,10,88.93,0.2,,13.1,1026.1,68.7,13
2021-09-04,12.7,9.4,80.97,0,,14.8,1021,76.6,24.3
2021-09-05,13.3,10.6,84.5,0.2,,14.4,1020.6,40.1,13.1
2021-09-06,15.5,14.7,94.85,2.73,,16.9,1021.2,71.8,9.7
2021-09-07,17.1,15.1,88.68,0.2,,11.8,1020.1,55.1,16.1
2021-09-08,18.2,14.6,81.94,0,,11.6,1013.3,22.6,10.9
2021-09-09,16.2,14.9,91.61,3.59,,15.7,1007.2,55.3,7.5
2021-09-10,16.1,15.3,94.66,23.2,,13.1,1007.3,66.6,9.1
2021-09-11,14.2,12.4,89.2,2.41,,27.1,1012.3,61.7,17.7
2021-09-12,11.7,8.5,81.4,0.8,29.5,14.5,1019.6,60.5,27.3
2021-09-13,12.2,8.7,79.99,0,,20.8,1018.5,61.9,26.7
2021-09-14,13.3,12.6,95.41,8.99,,11.3,1014.6,67,14.4
2021-09-15,14,12.3,90.12,0.47,,14.3,1014.5,55.5,14
2021-09-16,12.8,10.3,85.6,0.8,51.8,18.8,1014.3,49.6,17.6
2021-09-17,14.1,12.5,90.34,5,64.8,27.3,1009.5,66.9,15.7
2021-09-18,12.6,10.4,87.29,1.27,,10.2,1012.8,49.4,11.9
2021-09-19,12.5,10.6,88.9,5,,19.7,1013,46.2,15.6
2021-09-20,10.6,9.3,91.91,0.6,57.6,25.3,1023,47.5,12.4
2021-09-21,13,10.3,84.49,0,76,26.6,1027,54.1,10.9
2021-09-22,13.6,11.4,86.67,3.93,90.7,37.9,1019.7,65,12.5
2021-09-23,12.9,10.6,86.13,1.2,84.4,35.7,1013.9,65.8,15.4
2021-09-24,14.1,12.1,87.76,0.4,72.4,33.4,1008.8,64.9,19.7
2021-09-25,14.5,13.3,92.61,0.2,57.6,23.4,1009.9,65.1,20.9
2021-09-26,15.4,13.5,88.97,8,83.5,32.4,1003.3,62.3,19.4
2021-09-27,9.7,7.6,87.61,28.67,66.6,31.2,1001.2,45.8,14.3
2021-09-28,9.3,6.4,82.46,1.07,64.8,25.4,1007.1,38.4,19.6
2021-09-29,7.4,4.8,84.14,0.67,53.6,25.6,1014.9,24.5,17.5
2021-09-30,10.5,9.1,91.51,25.3,101.9,28.5,1006.6,67.6,12.2
2021-10-01,9.2,7,86.47,13.13,58.1,31.6,997.6,45.4,19.4
2021-10-02,7.8,6.1,88.73,10.94,74.2,29.7,990.9,37.3,22.8
2021-10-03,8.2,6.4,88.62,5.8,64.8,26.9,984.7,42.5,21.6
2021-10-04,9,7.6,90.91,3.92,57.6,21.6,999,50.2,20.3
2021-10-05,7.7,5.1,84.63,0.87,72.4,26.4,1004.2,25.6,28.4
2021-10-06,8.2,4.9,80.68,0,55.4,18.6,1015.8,31.2,27.6
2021-10-07,14.7,14,95.56,10.68,74.2,28.8,1016.3,71,8.9
2021-10-08,14.8,13.8,93.81,10.93,59.4,23.1,1024.1,64.9,13.9
2021-10-09,13.3,12.1,92.1,2,74.2,22.4,1026,64.6,21.4
2021-10-10,9.5,7.7,88.5,0.2,61.2,25.7,1029.1,40.9,16.7
2021-10-11,10.5,8.3,86.84,0.4,53.6,23.3,1028.9,55.1,17.2
2021-10-12,11.8,10.6,92.4,3.2,48.2,21.7,1025.5,67.7,26.1
2021-10-13,11.5,9.5,87.64,0.6,59.4,22.7,1024.5,71.8,24.2
2021-10-14,10.8,8.6,86.21,4.07,68.4,35.8,1016.1,63.5,20.3
2021-10-15,4.8,1.7,81.59,0.4,46.4,13.8,1021.4,31,26.4
2021-10-16,6.1,4,86.75,2.99,,13.1,1017,69,18.4
2021-10-17,9.3,9,97.79,15.84,,14.7,1010.4,75.4,9.5
2021-10-18,12.7,12.2,96.24,9.66,72.4,27.2,1008,65.9,13.7
2021-10-19,13.6,12.7,94.71,11.4,74.2,26.3,1000.7,55.7,14.2
2021-10-20,8.9,5.6,79.87,5.2,77.8,33,993,41.8,19.4
2021-10-21,5.4,1.5,76.43,1.47,77.8,32,1006.1,21.7,24.2
2021-10-22,7.9,4.5,80.02,2.28,68.4,32.8,1015.1,53.8,25.7
2021-10-23,9.7,7.6,87.45,3.27,81.9,38.4,1014.5,62.7,18.1
2021-10-24,11.6,9.8,88.77,17.53,90.7,34.6,1005.2,59.4,15.2
2021-10-25,8.3,5.7,83.75,13.86,68.4,30.9,1005.5,37.3,21.3
2021-10-26,11.4,10,91.16,15.48,82.3,47.1,1003.7,62.5,10.9
2021-10-27,12.9,11.6,91.8,22.74,79.6,35.3,1002,59.6,15.7
2021-10-28,11.1,10,93.07,2.46,66.6,16,997,60.5,17.4
2021-10-29,8.6,8.1,96.61,18.31,57.6,16.3,989.8,54.4,11.8
2021-10-30,7.6,6.2,91.15,10.98,70.6,22.5,988.8,51.7,24.3
2021-10-31,6.3,5.5,94.63,12.67,81.7,31.5,982.4,47.5,15.8
2021-11-01,6.6,4.5,86.44,9.09,66.6,35.2,982.1,48.9,22.8
2021-11-02,6.3,4.4,87.87,1,66.6,17.2,995.7,40.9,33.5
2021-11-03,5,2.6,85.15,0.2,70.6,19.6,1009.3,26.8,35.6
2021-11-04,4.2,1.6,83.81,0.4,81.7,21.7,1019,28.7,31.2
2021-11-05,8.9,7.4,90.83,0.8,57.6,22,1021.6,62.4,28.8
2021-11-06,8.9,6.8,86.63,15.66,72.9,43.1,1011.9,56.2,13.6
2021-11-07,7.4,2.5,71.66,2.01,79,45.7,1015.7,48.5,17.2
2021-11-08,8.5,7.5,93.16,6.34,64.2,34.3,1015.3,63.5,10.8
2021-11-09,9.9,7.5,85.37,5.34,77.8,26.9,1014,44.6,19.1
2021-11-10,6.7,4.4,85.45,0.6,61.2,26.3,1019.5,34.7,18
2021-11-11,9,6.9,86.93,1.8,73.6,31.7,1015.3,59.4,20.8
2021-11-12,10.1,8.7,90.98,11.01,88.9,37.1,998.6,58.1,16.7
2021-11-13,7.7,5.7,88.11,0.4,59.4,19.9,1016.6,28.7,23.2
2021-11-14,8,7.1,94.44,0.33,64.8,16.7,1023.7,72.5,13.8
2021-11-15,8.3,6.8,90.48,3.8,63,16.4,1024.3,48.6,16.5
2021-11-16,7.9,5.9,87.2,5.08,76,36.4,1014.9,61.4,12.7
2021-11-17,7,5.2,88,2.2,81.7,32.4,1016.5,51.6,17
2021-11-18,11.9,10.4,91,2.53,79.4,34,1019.3,71.8,12.4
2021-11-19,11.8,9.7,87.21,1.2,75.2,33.4,1022.7,68.9,21.8
2021-11-20,8.1,6,86.56,2.73,64.8,30.8,1018.7,48.8,21.9
2021-11-21,3.2,0.1,80.76,3.8,68.4,22.4,1026.1,14.2,31.8
2021-11-22,3.3,1.7,89.03,0,63,19.9,1033.2,34.4,28.9
2021-11-23,6.8,5.1,89.28,0,70.6,23.6,1030.8,64.1,30.7
2021-11-24,5.1,2.9,86.2,5,66.6,30.3,1018.5,39.8,20.7
2021-11-25,3.4,1.1,84.82,0.6,72.4,27.3,1016.6,32.5,22.1
2021-11-26,4.3,0.3,75.88,13.42,97.9,58.2,993.9,36,22.9
2021-11-27,0.7,-5.3,64.48,1,78.4,41.8,1010.4,34.8,26.4
2021-11-28,-0.2,-2.6,84.53,1.2,44.6,18,1010.4,47.3,22.9
2021-11-29,2.8,1.7,92.21,2,70.6,30.9,1010,72.6,20.1
2021-11-30,8.8,7.8,93.27,6.48,76,25.8,1001.3,74.3,15.3
2021-12-01,3.7,0.3,78.66,11.57,61.2,29.7,1001.2,32.4,21.7
2021-12-02,0.9,-2.5,78.1,1.6,90.7,22.3,1011.7,37.3,25
2021-12-03,5.4,3.6,88.36,2.73,61.2,26.2,997,55.9,17.1
2021-12-04,3.2,1.3,87.62,15.81,105.5,30.1,993.2,50.7,26.3
2021-12-05,1.2,-2.5,77.03,0,100.1,25.2,1013.7,16.5,28.4
2021-12-06,2.1,0.7,90.46,10,79.9,40.6,1001.1,48.2,20.1
2021-12-07,2.2,0.7,89.87,8.54,79.8,44.3,985.7,57.6,19.4
2021-12-08,3.7,2.3,90.44,0.53,72.4,33.2,978.8,59.8,25.4
2021-12-09,3.4,2,90.78,0.53,76,27.5,991.5,48.8,21.2
2021-12-10,1.5,0.3,91.44,7.81,64.8,25,997.7,25.8,23.3
2021-12-11,4.9,3.9,93.51,7.67,79.6,30.5,1006,58.9,10.7
2021-12-12,8,6.1,87.45,3.2,88.9,56,1008.2,55.1,14.4
2021-12-13,5.3,2.8,83.99,2.34,89.8,55.6,1015.7,27.9,20
2021-12-14,6.7,5.2,90.4,2.6,70,36.4,1017.1,65.4,12.8
2021-12-15,8.9,8,93.79,1.86,57.6,33.3,1022,72.3,11.7
2021-12-16,8.5,7.5,93.04,1,57.6,18.4,1034.9,74.5,16
2021-12-17,6.8,5.1,89.37,0,31.7,8.7,1041.4,73.5,16.9
2021-12-18,3.9,1.8,85.92,0.4,31.7,6,1040.5,34.5,2.5
2021-12-19,2.4,1.5,93.92,0.4,33.5,11.7,1037,53.2,10.8
2021-12-20,3,1.8,91.6,0,33.5,8.9,1031.1,77.9,22.3
2021-12-21,1.3,0.1,91.61,0,24.1,10,1025.1,77.6,13.8
2021-12-22,1,-0.2,92.09,2.79,33.5,14,1014.8,74,8.3
2021-12-23,3.3,2.8,97.17,9.45,31.7,12.3,1003.6,76.8,7.8
2021-12-24,3.3,0.9,85.18,7.61,59.4,33,1005.5,60.8,23.4
2021-12-25,1.5,-2.6,74.25,0,74.2,33.8,1006.8,36.7,23.5
2021-12-26,2.1,-0.4,83.59,0.8,59.2,33.1,1000.4,68.3,19.7
2021-12-27,3.5,3,95.94,5.06,22.3,15.5,991.9,71.1,12.7
2021-12-28,4.4,3.5,94.12,1,38.9,10.7,993.3,71.7,20.9
2021-12-29,6,4.7,91.54,15.65,70.6,37,993.3,67.6,11.5
2021-12-30,10,8.7,91.61,6.41,66.6,28.3,1000,64.5,13.4
2021-12-31,9.7,8.9,94.9,3.66,59.4,27.2,1004.8,68,8.6
2022-01-01,10.5,8,84.66,11.21,81,47.9,1002.2,53,14
